T000002,T000793655,U000333,FAILED_TRANSACTION,RESOLVED,Messi,3/17/2022 10:09,5/2/2022 21:35
T000003,T001047782,U000329,FAILED_TRANSACTION,RESOLVED,Rayleigh,6/4/2022 9:46,6/4/2022 20:44
T000004,T000654529,U000550,BANK_REVERSAL,RESOLVED,Messi,6/11/2022 22:27,9/13/2022 16:56
T000005,T000921621,U000498,MERCHANT_REVERSAL,RESOLVED,Messi,8/28/2022 16:23,4/20/2022 7:18
T000006,T000262525,U000549,MERCHANT_REVERSAL,RESOLVED,gamg,11/12/2022 5:18,5/28/2022 6:16
T000007,T000420227,U000382,FAILED_TRANSACTION,RESOLVED,illi,3/7/2022 21:03,1/25/2022 22:43
T000008,T000219176,U000119,FAILED_TRANSACTION,RESOLVED,Messi,9/2/2022 13:31,8/29/2022 6:38
T000009,T000076663,U000019,MERCHANT_REVERSAL,OPEN,pant,3/17/2022 4:35,infinity
T000010,T000666719,U000950,USER_ISSUE,RESOLVED,illi,9/29/2022 1:00,11/18/2022 13:14
T000011,T000993181,U000591,BANK_REVERSAL,RESOLVED,mixa,6/13/2022 18:00,11/15/2022 1:57
T000012,T000011810,U000675,MERCHANT_REVERSAL,RESOLVED,Rayleigh,8/6/2022 3:03,5/15/2022 12:46
T000013,T001017244,U000689,MERCHANT_REVERSAL,RESOLVED,Rayleigh,3/31/2022 5:00,10/20/2022 15:23
T000014,T000886359,U000686,USER_ISSUE,RESOLVED,Sasi,3/13/2022 4:34,7/9/2022 8:28
T000015,T000763887,U000788,USER_ISSUE,RESOLVED,Ronaldo,9/18/2022 8:51,10/19/2022 4:33
T000016,T001007037,U000079,FAILED_TRANSACTION,OPEN,Alba,6/29/2022 19:29,infinity
T000017,T000763715,U000773,BANK_REVERSAL,RESOLVED,pant,6/11/2022 15:33,3/14/2022 18:10
T000018,T000011395,U000594,APP_LATENCY,RESOLVED,Messi,11/16/2022 0:57,6/29/2022 0:07
T000019,T000593679,U000474,MERCHANT_REVERSAL,RESOLVED,illi,5/29/2022 22:48,8/8/2022 17:19
T000020,T000244173,U000488,APP_LATENCY,RESOLVED,Ronaldo,10/5/2022 12:09,10/2/2022 10:16
T000021,T000977837,U000636,FAILED_TRANSACTION,RESOLVED,Alba,4/18/2022 20:47,5/11/2022 12:20
T000022,T000102594,U000946,USER_ISSUE,RESOLVED,Sati,5/27/2022 20:32,6/27/2022 15:32
T000023,T000642900,U000327,FAILED_TRANSACTION,RESOLVED,Krupa,3/27/2022 17:53,7/10/2022 14:11
T000024,T000416736,U000070,MERCHANT_REVERSAL,RESOLVED,mixa,11/10/2022 3:13,7/29/2022 17:09
T000025,T000363422,U000949,BANK_REVERSAL,OPEN,mixa,10/6/2022 3:23,infinity
T000026,T000731017,U000053,FAILED_TRANSACTION,RESOLVED,Rayleigh,10/9/2022 10:13,11/4/2022 0:17
T000027,T000576688,U000466,BANK_REVERSAL,RESOLVED,Sati,10/28/2022 1:15,4/27/2022 16:37
T000028,T000515584,U000693,BANK_REVERSAL,RESOLVED,Krupa,5/17/2022 0:28,3/26/2022 6:04
T000029,T000789164,U000516,BANK_REVERSAL,RESOLVED,pant,7/14/2022 3:40,4/15/2022 2:23
T000030,T000649547,U000418,USER_ISSUE,RESOLVED,illi,11/9/2022 6:12,2/22/2022 12:13
T000031,T000885521,U000166,USER_ISSUE,RESOLVED,Alba,1/13/2022 20:42,6/22/2022 6:41
T000032,T000661780,U000051,FAILED_TRANSACTION,OPEN,Messi,5/2/2022 14:37,infinity
T000033,T000506683,U000824,FAILED_TRANSACTION,OPEN,Rayleigh,9/21/2022 5:21,infinity
T000034,T000846741,U000897,MERCHANT_REVERSAL,OPEN,Sasi,10/23/2022 7:32,infinity
T000035,T000420392,U000093,MERCHANT_REVERSAL,RESOLVED,Ronaldo,9/22/2022 15:20,2/8/2022 0:07
T000036,T000311451,U000376,MERCHANT_REVERSAL,RESOLVED,Krupa,4/3/2022 17:32,2/17/2022 6:51
T000037,T000139659,U000481,FAILED_TRANSACTION,RESOLVED,Alba,8/9/2022 20:46,9/20/2022 4:03
T000038,T000994667,U000585,BANK_REVERSAL,RESOLVED,pant,6/25/2022 9:34,9/16/2022 6:36
T000039,T000033186,U000879,BANK_REVERSAL,RESOLVED,Sati,6/8/2022 5:39,9/10/2022 0:05
T000040,T000086366,U000735,FAILED_TRANSACTION,RESOLVED,pant,1/25/2022 21:01,10/24/2022 23:33
T000041,T000972677,U000797,BANK_REVERSAL,RESOLVED,gamg,6/15/2022 2:17,1/25/2022 22:33
T000042,T000835744,U000641,BANK_REVERSAL,RESOLVED,Alba,10/23/2022 15:46,9/22/2022 1:02
T000043,T000123183,U000019,MERCHANT_REVERSAL,RESOLVED,Alba,7/17/2022 8:28,11/24/2022 3:41
T000044,T000149922,U000187,BANK_REVERSAL,RESOLVED,Alba,2/11/2022 20:41,7/23/2022 16:00
T000045,T000712365,U000725,BANK_REVERSAL,RESOLVED,gamg,4/24/2022 20:14,9/17/2022 4:12
T000046,T001020353,U000127,FAILED_TRANSACTION,RESOLVED,chappel,2/8/2022 13:31,4/1/2022 9:02
T000047,T000261557,U000366,FAILED_TRANSACTION,RESOLVED,Sasi,5/12/2022 14:07,5/11/2022 22:19
T000048,T000831301,U000643,FAILED_TRANSACTION,RESOLVED,Sasi,6/28/2022 15:53,4/8/2022 18:09
T000049,T000957949,U000297,FAILED_TRANSACTION,OPEN,illi,3/25/2022 14:33,infinity
T000050,T000828054,U000128,FAILED_TRANSACTION,RESOLVED,pant,5/13/2022 8:01,1/1/2022 13:37
T000051,T000210557,U000374,FAILED_TRANSACTION,RESOLVED,Krupa,4/3/2022 9:13,5/20/2022 0:42
T000052,T000152503,U000196,BANK_REVERSAL,RESOLVED,gamg,7/14/2022 7:00,5/19/2022 11:46
T000053,T000273793,U000960,MERCHANT_REVERSAL,RESOLVED,pant,11/9/2022 3:46,2/6/2022 7:13
T000054,T000348543,U000452,FAILED_TRANSACTION,RESOLVED,Krupa,1/7/2022 19:01,8/29/2022 22:32
T000055,T000711194,U000884,MERCHANT_REVERSAL,RESOLVED,Ronaldo,9/30/2022 10:41,3/22/2022 9:51
T000056,T000076382,U000269,FAILED_TRANSACTION,RESOLVED,chappel,1/9/2022 15:16,7/25/2022 11:51
T000057,T000764348,U000283,BANK_REVERSAL,RESOLVED,pant,6/13/2022 8:15,1/27/2022 11:01
T000058,T000510077,U000620,BANK_REVERSAL,RESOLVED,mixa,9/1/2022 11:43,4/16/2022 14:59
T000059,T000039931,U000746,FAILED_TRANSACTION,RESOLVED,illi,7/15/2022 9:51,10/8/2022 20:24
T000060,T000986043,U000998,FAILED_TRANSACTION,RESOLVED,Alba,9/17/2022 1:29,1/20/2022 1:38
T000061,T000308914,U000171,MERCHANT_REVERSAL,RESOLVED,Ronaldo,9/27/2022 2:58,3/30/2022 19:28
T000062,T000392262,U000378,BANK_REVERSAL,OPEN,chappel,4/27/2022 20:21,infinity
T000063,T000786035,U000718,BANK_REVERSAL,RESOLVED,Ronaldo,10/15/2022 4:39,1/12/2022 6:35
T000064,T000867021,U000722,FAILED_TRANSACTION,RESOLVED,Ronaldo,7/12/2022 6:21,8/5/2022 5:26
T000065,T000069446,U000744,MERCHANT_REVERSAL,RESOLVED,Ronaldo,7/7/2022 12:21,10/10/2022 7:47
T000066,T000771245,U000652,FAILED_TRANSACTION,RESOLVED,Messi,7/10/2022 4:59,8/23/2022 16:06
T000067,T000734662,U000577,FAILED_TRANSACTION,RESOLVED,mixa,7/30/2022 18:51,5/27/2022 20:52
T000068,T000575513,U000218,BANK_REVERSAL,RESOLVED,mixa,2/11/2022 18:08,6/13/2022 2:57
T000069,T000341268,U000225,FAILED_TRANSACTION,RESOLVED,Ronaldo,9/30/2022 0:38,11/10/2022 7:37
T000070,T000688460,U000517,FAILED_TRANSACTION,RESOLVED,Krupa,9/22/2022 23:59,9/1/2022 0:15
T000071,T000838337,U000760,FAILED_TRANSACTION,RESOLVED,Alba,10/26/2022 12:57,6/12/2022 22:19
T000072,T000575563,U000717,MERCHANT_REVERSAL,RESOLVED,Rayleigh,10/7/2022 10:07,11/2/2022 22:08
T000073,T000410208,U000322,USER_ISSUE,RESOLVED,chappel,8/29/2022 4:33,9/15/2022 23:12
T000074,T000440171,U000503,MERCHANT_REVERSAL,RESOLVED,illi,3/2/2022 11:45,7/21/2022 11:02
T000075,T000289246,U000734,MERCHANT_REVERSAL,RESOLVED,illi,10/27/2022 4:49,4/24/2022 16:40
T000076,T000343531,U000082,MERCHANT_REVERSAL,RESOLVED,Rayleigh,1/5/2022 18:02,2/9/2022 1:59
T000077,T000838497,U000657,BANK_REVERSAL,RESOLVED,mixa,3/7/2022 10:55,6/27/2022 17:41
T000078,T000433574,U000775,BANK_REVERSAL,RESOLVED,pant,7/9/2022 19:02,2/1/2022 5:30
T000079,T000921987,U000773,MERCHANT_REVERSAL,RESOLVED,Krupa,9/12/2022 13:01,9/14/2022 8:36
T000080,T000152244,U000204,BANK_REVERSAL,RESOLVED,Ronaldo,10/24/2022 16:54,4/14/2022 13:47
T000081,T000279751,U000821,MERCHANT_REVERSAL,RESOLVED,Sati,6/27/2022 1:36,10/27/2022 18:25
T000082,T000863068,U000344,FAILED_TRANSACTION,OPEN,illi,7/27/2022 11:09,infinity
T000083,T000133187,U000482,MERCHANT_REVERSAL,RESOLVED,Ronaldo,8/15/2022 18:57,7/3/2022 14:23
T000084,T000527488,U000301,FAILED_TRANSACTION,RESOLVED,gamg,1/7/2022 8:20,7/26/2022 0:59
T000085,T000792110,U000610,BANK_REVERSAL,RESOLVED,Messi,5/23/2022 12:55,11/19/2022 20:01
T000086,T000306127,U000758,FAILED_TRANSACTION,RESOLVED,chappel,9/26/2022 23:26,5/11/2022 17:56
T000087,T000745188,U000027,MERCHANT_REVERSAL,RESOLVED,Ronaldo,3/21/2022 6:24,5/21/2022 12:48
T000088,T000562770,U000601,FAILED_TRANSACTION,RESOLVED,pant,6/22/2022 5:24,9/3/2022 20:18
T000089,T000357528,U000551,BANK_REVERSAL,RESOLVED,pant,9/25/2022 18:48,10/15/2022 4:47
T000090,T000850587,U000821,USER_ISSUE,RESOLVED,illi,2/27/2022 3:44,3/16/2022 2:04
T000091,T000042067,U000044,BANK_REVERSAL,RESOLVED,Sati,3/2/2022 14:02,2/3/2022 8:40
T000092,T000860731,U000634,FAILED_TRANSACTION,RESOLVED,gamg,8/14/2022 14:10,11/11/2022 1:41
T000093,T000376232,U000428,BANK_REVERSAL,RESOLVED,Sati,10/24/2022 18:31,9/4/2022 16:59
T000094,T000457219,U000706,MERCHANT_REVERSAL,RESOLVED,pant,7/27/2022 16:08,5/16/2022 3:38
T000095,T000185163,U000359,FAILED_TRANSACTION,RESOLVED,Ronaldo,5/31/2022 23:59,9/8/2022 22:09
T000096,T000087194,U000619,BANK_REVERSAL,RESOLVED,Krupa,8/18/2022 6:58,3/7/2022 22:39
T000097,T000807610,U000366,MERCHANT_REVERSAL,OPEN,mixa,9/24/2022 22:21,infinity
T000098,T000779381,U000374,FAILED_TRANSACTION,RESOLVED,Sati,8/8/2022 11:05,1/7/2022 1:11
T000099,T000834054,U000488,FAILED_TRANSACTION,RESOLVED,gamg,7/5/2022 8:10,4/29/2022 17:21
T000100,T000448072,U000636,MERCHANT_REVERSAL,RESOLVED,Sasi,1/1/2022 11:31,10/31/2022 10:34
T000101,T000187100,U000010,FAILED_TRANSACTION,RESOLVED,mixa,11/24/2022 6:54,5/8/2022 10:33
T000102,T000422184,U000676,BANK_REVERSAL,RESOLVED,Krupa,8/12/2022 17:05,11/26/2022 19:29
T000103,T000955744,U000241,MERCHANT_REVERSAL,RESOLVED,Krupa,8/22/2022 5:05,2/3/2022 4:05
T000104,T000766756,U000185,MERCHANT_REVERSAL,RESOLVED,gamg,9/26/2022 3:32,6/20/2022 0:42
T000105,T001025976,U000260,APP_LATENCY,RESOLVED,chappel,3/25/2022 7:29,10/12/2022 5:03
T000106,T000473724,U000531,FAILED_TRANSACTION,RESOLVED,pant,2/19/2022 23:20,1/14/2022 5:23
T000107,T000310792,U000297,MERCHANT_REVERSAL,RESOLVED,illi,10/23/2022 0:36,5/31/2022 10:44
T000108,T000851337,U000022,MERCHANT_REVERSAL,RESOLVED,Messi,10/26/2022 16:23,8/27/2022 4:10
T000109,T000360541,U000402,FAILED_TRANSACTION,RESOLVED,gamg,10/22/2022 12:51,5/17/2022 7:23
T000110,T000456738,U000807,APP_LATENCY,OPEN,Sati,11/19/2022 9:27,infinity
T000111,T001008907,U000371,MERCHANT_REVERSAL,RESOLVED,Rayleigh,2/25/2022 17:49,3/9/2022 8:03
T000112,T000330318,U000613,USER_ISSUE,RESOLVED,Sasi,7/27/2022 18:12,4/22/2022 18:21
T000113,T000914222,U000450,FAILED_TRANSACTION,RESOLVED,Sati,8/13/2022 9:27,4/12/2022 18:30
T000114,T000286850,U000210,MERCHANT_REVERSAL,RESOLVED,illi,9/26/2022 19:05,9/28/2022 6:54
T000115,T000082677,U000513,BANK_REVERSAL,RESOLVED,pant,4/16/2022 12:10,1/16/2022 8:11
T000116,T000108816,U000025,FAILED_TRANSACTION,RESOLVED,Messi,5/24/2022 0:30,6/17/2022 9:03
T000117,T000102707,U000963,APP_LATENCY,RESOLVED,Sati,1/19/2022 9:21,8/9/2022 12:37
T000118,T000586133,U000018,MERCHANT_REVERSAL,RESOLVED,mixa,6/25/2022 17:14,11/17/2022 12:28
T000119,T000968488,U000612,BANK_REVERSAL,RESOLVED,Rayleigh,1/23/2022 7:51,8/23/2022 4:46
T000120,T000048275,U000527,MERCHANT_REVERSAL,RESOLVED,illi,5/21/2022 23:06,3/30/2022 12:52
T000121,T000709137,U000218,FAILED_TRANSACTION,RESOLVED,Rayleigh,10/20/2022 5:20,3/4/2022 21:37
T000122,T000714338,U000770,MERCHANT_REVERSAL,RESOLVED,pant,9/3/2022 21:24,9/17/2022 15:09
T000123,T000474994,U000006,FAILED_TRANSACTION,RESOLVED,illi,1/29/2022 4:59,1/4/2022 16:13
T000124,T000834095,U000108,BANK_REVERSAL,RESOLVED,mixa,8/16/2022 11:29,3/1/2022 0:56
T000125,T000682692,U000447,BANK_REVERSAL,RESOLVED,Ronaldo,2/16/2022 6:14,9/28/2022 22:29
T000126,T000393693,U000984,MERCHANT_REVERSAL,RESOLVED,mixa,6/11/2022 10:58,5/19/2022 22:45
T000127,T000690878,U000977,FAILED_TRANSACTION,RESOLVED,Rayleigh,5/21/2022 23:58,11/13/2022 22:01
T000128,T000948529,U000048,BANK_REVERSAL,RESOLVED,Messi,3/28/2022 20:35,4/4/2022 6:35
T000129,T000728837,U000747,BANK_REVERSAL,RESOLVED,pant,10/7/2022 1:27,2/27/2022 14:53
T000130,T000848900,U000098,BANK_REVERSAL,RESOLVED,Rayleigh,3/18/2022 4:59,4/10/2022 23:01
T000131,T000320089,U000212,BANK_REVERSAL,RESOLVED,gamg,8/19/2022 11:51,5/1/2022 10:43
T000132,T000059308,U000654,APP_LATENCY,RESOLVED,Alba,8/20/2022 8:37,1/26/2022 10:32
T000133,T000325675,U000962,FAILED_TRANSACTION,RESOLVED,pant,10/23/2022 16:57,9/21/2022 19:25
T000134,T000040987,U000718,MERCHANT_REVERSAL,RESOLVED,Rayleigh,11/1/2022 12:19,2/16/2022 9:28
T000135,T000263810,U000934,USER_ISSUE,RESOLVED,chappel,7/7/2022 0:32,2/8/2022 20:39
T000136,T000919803,U000972,BANK_REVERSAL,RESOLVED,Alba,2/9/2022 20:21,10/16/2022 1:36
T000137,T000276439,U000129,APP_LATENCY,RESOLVED,mixa,7/22/2022 2:54,10/29/2022 8:23
T000138,T000714756,U000706,BANK_REVERSAL,OPEN,Sati,6/5/2022 0:18,infinity
T000139,T000056271,U000566,MERCHANT_REVERSAL,RESOLVED,Rayleigh,6/4/2022 0:48,11/22/2022 9:42
T000140,T000529642,U000651,FAILED_TRANSACTION,RESOLVED,Ronaldo,3/24/2022 11:49,11/5/2022 3:18
T000141,T000130426,U000083,BANK_REVERSAL,RESOLVED,mixa,9/7/2022 23:50,4/9/2022 4:21
T000142,T000786826,U000289,MERCHANT_REVERSAL,RESOLVED,Ronaldo,2/17/2022 4:26,4/2/2022 22:21
T000143,T000537960,U000541,FAILED_TRANSACTION,RESOLVED,Sasi,4/28/2022 1:04,11/15/2022 14:53
T000144,T000362372,U000296,MERCHANT_REVERSAL,RESOLVED,Messi,4/10/2022 19:33,4/26/2022 13:57
T000145,T000237019,U000821,BANK_REVERSAL,RESOLVED,Krupa,2/15/2022 19:43,5/6/2022 11:43
T000146,T000212970,U000057,BANK_REVERSAL,OPEN,Sati,6/16/2022 5:12,infinity
T000147,T000767379,U000390,APP_LATENCY,RESOLVED,illi,2/21/2022 16:52,11/16/2022 20:39
T000148,T000854429,U000342,USER_ISSUE,RESOLVED,Messi,3/15/2022 12:32,1/13/2022 16:36
T000149,T000526756,U000062,APP_LATENCY,OPEN,Messi,11/23/2022 9:42,infinity
T000150,T000357462,U000236,BANK_REVERSAL,RESOLVED,Messi,2/4/2022 14:46,7/1/2022 21:10
T000151,T000518035,U000758,MERCHANT_REVERSAL,RESOLVED,Alba,10/27/2022 3:03,10/9/2022 8:49
T000152,T000481193,U000645,USER_ISSUE,RESOLVED,Krupa,7/5/2022 22:00,5/2/2022 14:45
T000153,T000786787,U000935,MERCHANT_REVERSAL,RESOLVED,Krupa,7/2/2022 8:34,6/25/2022 8:15
T000154,T000080220,U000089,FAILED_TRANSACTION,RESOLVED,gamg,4/17/2022 19:33,2/23/2022 17:59
T000155,T000336909,U000102,BANK_REVERSAL,RESOLVED,Messi,1/20/2022 18:10,9/2/2022 22:46
T000156,T000045051,U000815,APP_LATENCY,RESOLVED,Sasi,1/4/2022 12:37,7/18/2022 18:06
T000157,T000232418,U000816,FAILED_TRANSACTION,OPEN,Ronaldo,3/20/2022 14:35,infinity
T000158,T000449080,U000763,USER_ISSUE,RESOLVED,chappel,3/31/2022 19:31,10/20/2022 6:59
T000159,T000395414,U000832,BANK_REVERSAL,RESOLVED,chappel,6/10/2022 18:50,5/15/2022 21:35
T000160,T000758972,U000438,FAILED_TRANSACTION,OPEN,Krupa,10/19/2022 2:27,infinity
T000161,T000909424,U000561,FAILED_TRANSACTION,RESOLVED,Rayleigh,10/31/2022 10:18,4/25/2022 15:05
T000162,T000660173,U000136,BANK_REVERSAL,RESOLVED,Rayleigh,8/24/2022 18:51,9/20/2022 19:44
T000163,T000463566,U000978,MERCHANT_REVERSAL,RESOLVED,Alba,2/18/2022 10:58,6/16/2022 13:18
T000164,T000746416,U000460,BANK_REVERSAL,RESOLVED,Messi,1/23/2022 10:40,9/25/2022 4:01
T000165,T000552759,U000623,FAILED_TRANSACTION,RESOLVED,Rayleigh,1/19/2022 8:04,9/12/2022 14:07
T000166,T000737235,U000348,BANK_REVERSAL,RESOLVED,pant,7/26/2022 18:01,4/12/2022 21:08
T000167,T001042514,U000511,USER_ISSUE,RESOLVED,chappel,5/20/2022 21:31,5/13/2022 17:19
T000168,T000821814,U000942,MERCHANT_REVERSAL,RESOLVED,Rayleigh,4/16/2022 1:18,9/19/2022 14:48
T000169,T000109565,U000109,FAILED_TRANSACTION,RESOLVED,gamg,5/17/2022 2:59,1/3/2022 2:04
T000170,T000105565,U000192,FAILED_TRANSACTION,RESOLVED,Sati,3/21/2022 18:08,5/9/2022 20:08
T000171,T000340437,U000203,MERCHANT_REVERSAL,RESOLVED,pant,9/6/2022 17:55,5/17/2022 23:03
T000172,T000181294,U000021,BANK_REVERSAL,RESOLVED,Sasi,8/13/2022 4:51,9/7/2022 20:15
T000173,T000273536,U000405,BANK_REVERSAL,RESOLVED,illi,10/27/2022 16:50,9/8/2022 4:12
T000174,T000181519,U000305,MERCHANT_REVERSAL,OPEN,chappel,8/6/2022 11:49,infinity
T000175,T000051998,U000967,BANK_REVERSAL,RESOLVED,illi,4/15/2022 13:35,5/13/2022 6:00
T000176,T000257741,U000659,BANK_REVERSAL,RESOLVED,Alba,5/3/2022 13:41,6/12/2022 0:43
T000177,T000439244,U000602,MERCHANT_REVERSAL,RESOLVED,Ronaldo,3/10/2022 23:24,1/25/2022 22:12
T000178,T000576519,U000688,BANK_REVERSAL,RESOLVED,Alba,6/9/2022 14:13,10/14/2022 20:44
T000179,T000057830,U000660,MERCHANT_REVERSAL,RESOLVED,mixa,5/21/2022 0:46,5/31/2022 0:04
T000180,T000311013,U000201,FAILED_TRANSACTION,RESOLVED,mixa,4/15/2022 7:20,3/13/2022 9:46
T000181,T000089197,U000029,BANK_REVERSAL,OPEN,Krupa,8/29/2022 9:58,infinity
T000182,T000620410,U000871,BANK_REVERSAL,RESOLVED,illi,8/3/2022 14:24,8/22/2022 21:12
T000183,T000546437,U000092,BANK_REVERSAL,RESOLVED,Sati,3/11/2022 2:32,2/11/2022 12:52
T000184,T000645761,U000407,FAILED_TRANSACTION,RESOLVED,chappel,5/31/2022 21:03,1/26/2022 3:23
T000185,T000374188,U000855,USER_ISSUE,OPEN,Messi,7/19/2022 8:41,infinity
T000186,T000246065,U000746,FAILED_TRANSACTION,RESOLVED,chappel,9/10/2022 16:10,3/15/2022 1:04
T000187,T000088693,U000427,BANK_REVERSAL,RESOLVED,chappel,8/9/2022 9:48,3/27/2022 20:44
T000188,T000970910,U000554,USER_ISSUE,RESOLVED,mixa,9/10/2022 16:48,1/14/2022 7:17
T000189,T000065458,U000660,FAILED_TRANSACTION,RESOLVED,Rayleigh,5/6/2022 13:29,9/6/2022 19:33
T000190,T000865327,U000043,BANK_REVERSAL,RESOLVED,Messi,11/16/2022 22:03,6/29/2022 6:44
T000191,T000187405,U000579,APP_LATENCY,RESOLVED,chappel,8/19/2022 1:51,3/26/2022 1:39
T000192,T000323158,U000194,APP_LATENCY,RESOLVED,Sati,6/14/2022 18:42,6/2/2022 0:28
T000193,T000892893,U000779,FAILED_TRANSACTION,RESOLVED,illi,2/7/2022 1:49,8/10/2022 23:19
T000194,T000115702,U000054,FAILED_TRANSACTION,RESOLVED,chappel,6/3/2022 9:38,2/1/2022 17:19
T000195,T000360374,U000028,MERCHANT_REVERSAL,RESOLVED,Alba,11/19/2022 3:03,11/22/2022 2:46
T000196,T000200546,U000291,BANK_REVERSAL,RESOLVED,mixa,10/18/2022 6:49,10/4/2022 7:43
T000197,T000563817,U000364,BANK_REVERSAL,RESOLVED,Rayleigh,7/26/2022 14:56,11/18/2022 10:41
T000198,T000391038,U000872,MERCHANT_REVERSAL,RESOLVED,Krupa,3/15/2022 1:45,2/11/2022 0:13
T000199,T000680572,U000477,BANK_REVERSAL,RESOLVED,Alba,8/19/2022 9:50,5/30/2022 21:38
T000200,T000737749,U000383,MERCHANT_REVERSAL,RESOLVED,Sasi,8/6/2022 23:43,9/27/2022 10:59
T000201,T000566848,U000153,USER_ISSUE,RESOLVED,Messi,4/29/2022 11:31,3/22/2022 22:58
T000202,T000082771,U000936,MERCHANT_REVERSAL,RESOLVED,Krupa,2/14/2022 17:12,11/8/2022 11:11
T000203,T000492025,U000130,MERCHANT_REVERSAL,RESOLVED,Sati,9/14/2022 10:26,10/4/2022 0:21
T000204,T000766807,U000257,MERCHANT_REVERSAL,RESOLVED,gamg,11/11/2022 5:28,5/26/2022 4:43
T000205,T000872272,U000669,APP_LATENCY,RESOLVED,illi,1/5/2022 10:08,10/27/2022 11:29
T000206,T000715506,U000114,MERCHANT_REVERSAL,RESOLVED,Messi,10/2/2022 7:45,8/19/2022 17:19
T000207,T000345534,U000439,FAILED_TRANSACTION,RESOLVED,Alba,3/16/2022 23:28,5/2/2022 17:26
T000208,T000055153,U000135,FAILED_TRANSACTION,RESOLVED,Alba,7/23/2022 17:07,5/27/2022 12:31
T000209,T000838750,U000116,FAILED_TRANSACTION,RESOLVED,Rayleigh,7/7/2022 23:22,2/16/2022 9:26
T000210,T000061334,U000800,MERCHANT_REVERSAL,RESOLVED,pant,9/24/2022 7:07,9/11/2022 20:30
T000211,T000687245,U000448,USER_ISSUE,RESOLVED,pant,2/13/2022 5:00,8/28/2022 13:16
T000212,T000289388,U000956,MERCHANT_REVERSAL,RESOLVED,chappel,9/29/2022 13:46,11/7/2022 2:27
T000213,T000907196,U000472,MERCHANT_REVERSAL,OPEN,Ronaldo,8/8/2022 3:25,infinity
T000214,T000221344,U000523,BANK_REVERSAL,RESOLVED,Ronaldo,5/13/2022 1:12,8/20/2022 14:28
T000215,T000901005,U000525,BANK_REVERSAL,OPEN,gamg,4/15/2022 9:53,infinity
T000216,T000150958,U000148,BANK_REVERSAL,RESOLVED,Alba,8/2/2022 23:41,2/16/2022 13:36
T000217,T000968144,U000344,FAILED_TRANSACTION,RESOLVED,Messi,8/25/2022 5:59,3/21/2022 19:40
T000218,T001036884,U000444,MERCHANT_REVERSAL,RESOLVED,Krupa,8/22/2022 0:41,7/6/2022 18:38
T000219,T000281313,U000163,BANK_REVERSAL,RESOLVED,Rayleigh,4/1/2022 23:32,7/16/2022 10:44
T000220,T001030520,U000205,MERCHANT_REVERSAL,RESOLVED,chappel,11/25/2022 9:32,3/20/2022 19:29
T000221,T000217687,U000381,BANK_REVERSAL,RESOLVED,Krupa,2/6/2022 7:53,2/20/2022 19:48
T000222,T000875458,U000532,MERCHANT_REVERSAL,RESOLVED,pant,10/19/2022 10:44,4/6/2022 15:02
T000223,T000530542,U000185,FAILED_TRANSACTION,RESOLVED,mixa,5/13/2022 2:35,9/18/2022 22:29
T000224,T000346905,U000938,BANK_REVERSAL,RESOLVED,Rayleigh,2/3/2022 20:04,7/24/2022 13:38
T000225,T000275690,U000550,MERCHANT_REVERSAL,RESOLVED,Ronaldo,11/19/2022 7:18,9/29/2022 10:53
T000226,T001048385,U000289,BANK_REVERSAL,RESOLVED,Messi,1/3/2022 20:48,9/22/2022 18:36
T000227,T000646817,U000718,MERCHANT_REVERSAL,RESOLVED,Alba,4/29/2022 19:23,5/8/2022 6:16
T000228,T000618308,U000485,FAILED_TRANSACTION,RESOLVED,Alba,3/10/2022 19:11,1/7/2022 22:37
T000229,T000913972,U000058,BANK_REVERSAL,RESOLVED,Krupa,9/19/2022 15:30,7/11/2022 1:30
T000230,T000376120,U000123,FAILED_TRANSACTION,RESOLVED,chappel,4/17/2022 12:56,5/24/2022 1:22
T000231,T000026025,U000448,BANK_REVERSAL,RESOLVED,gamg,8/27/2022 7:58,11/3/2022 22:35
T000232,T000984438,U000280,USER_ISSUE,RESOLVED,illi,7/18/2022 4:59,8/13/2022 17:16
T000233,T000757784,U000372,MERCHANT_REVERSAL,RESOLVED,mixa,10/19/2022 6:25,7/8/2022 12:19
T000234,T000308940,U000433,MERCHANT_REVERSAL,RESOLVED,Sasi,2/13/2022 8:32,5/18/2022 5:13
T000235,T000114111,U000030,MERCHANT_REVERSAL,RESOLVED,Ronaldo,8/12/2022 2:27,11/14/2022 12:57
T000236,T000265776,U000104,FAILED_TRANSACTION,RESOLVED,gamg,8/14/2022 6:30,3/3/2022 18:23
T000237,T000045792,U000688,BANK_REVERSAL,RESOLVED,Krupa,7/7/2022 5:47,2/19/2022 0:50
T000238,T000410885,U000182,USER_ISSUE,RESOLVED,chappel,1/15/2022 7:45,1/2/2022 7:46
T000239,T000937048,U000716,FAILED_TRANSACTION,RESOLVED,Rayleigh,7/1/2022 7:59,2/8/2022 17:53
T000240,T000415129,U000993,APP_LATENCY,RESOLVED,Sasi,5/14/2022 15:10,8/27/2022 0:40
T000241,T000083830,U000558,MERCHANT_REVERSAL,RESOLVED,chappel,6/17/2022 5:24,11/6/2022 9:25
T000242,T000107711,U000424,BANK_REVERSAL,RESOLVED,Alba,4/12/2022 8:29,11/2/2022 10:34
T000243,T000191980,U000174,FAILED_TRANSACTION,RESOLVED,illi,5/6/2022 10:36,2/12/2022 18:31
T000244,T000765478,U000167,FAILED_TRANSACTION,RESOLVED,chappel,4/23/2022 9:55,7/4/2022 20:49
T000245,T000944092,U000020,MERCHANT_REVERSAL,RESOLVED,pant,8/4/2022 22:35,4/17/2022 10:54
T000246,T000155372,U000704,BANK_REVERSAL,RESOLVED,Sati,1/29/2022 18:26,3/26/2022 17:45
T000247,T000289677,U000451,USER_ISSUE,RESOLVED,Sasi,9/19/2022 17:28,6/12/2022 0:31
T000248,T000261257,U000098,MERCHANT_REVERSAL,RESOLVED,mixa,1/7/2022 23:21,4/4/2022 19:07
T000249,T000622454,U000412,FAILED_TRANSACTION,RESOLVED,illi,4/16/2022 11:53,1/18/2022 0:17
T000250,T000228165,U000798,MERCHANT_REVERSAL,RESOLVED,gamg,7/21/2022 16:39,5/16/2022 7:56
T000251,T000009188,U000475,MERCHANT_REVERSAL,RESOLVED,chappel,9/4/2022 4:51,6/11/2022 1:49
T000252,T000362501,U000533,BANK_REVERSAL,RESOLVED,Rayleigh,1/5/2022 23:22,9/15/2022 20:31
T000253,T000690349,U000828,MERCHANT_REVERSAL,RESOLVED,gamg,3/18/2022 3:38,8/28/2022 22:16
T000254,T000181380,U000807,FAILED_TRANSACTION,RESOLVED,mixa,9/5/2022 1:24,10/25/2022 11:31
T000255,T000854585,U000193,FAILED_TRANSACTION,RESOLVED,Sasi,7/5/2022 4:34,2/26/2022 13:18
T000256,T000663358,U000614,MERCHANT_REVERSAL,OPEN,Ronaldo,7/26/2022 13:54,infinity
T000257,T000613338,U000660,FAILED_TRANSACTION,RESOLVED,chappel,4/23/2022 8:00,8/12/2022 15:29
T000258,T000608599,U000661,APP_LATENCY,RESOLVED,Messi,10/19/2022 23:55,3/14/2022 4:19
T000259,T000338630,U000668,FAILED_TRANSACTION,OPEN,Sati,8/27/2022 20:02,infinity
T000260,T001032172,U000496,MERCHANT_REVERSAL,RESOLVED,pant,4/3/2022 19:25,2/2/2022 16:58
T000261,T000043186,U000030,FAILED_TRANSACTION,OPEN,Rayleigh,4/15/2022 12:08,infinity
T000262,T000206931,U000196,MERCHANT_REVERSAL,RESOLVED,chappel,6/25/2022 1:56,5/25/2022 11:36
T000263,T000428000,U000101,MERCHANT_REVERSAL,RESOLVED,Ronaldo,1/3/2022 14:14,7/17/2022 6:04
T000264,T000403569,U000810,FAILED_TRANSACTION,RESOLVED,Alba,10/18/2022 8:44,5/12/2022 1:28
T000265,T000358829,U000973,FAILED_TRANSACTION,RESOLVED,Ronaldo,2/19/2022 23:32,2/5/2022 11:02
T000266,T000574325,U000906,FAILED_TRANSACTION,RESOLVED,Rayleigh,10/7/2022 11:53,8/8/2022 4:38
T000267,T000219711,U000487,BANK_REVERSAL,RESOLVED,Sasi,7/14/2022 11:03,5/24/2022 3:14
T000268,T000156296,U000824,MERCHANT_REVERSAL,OPEN,pant,8/24/2022 11:33,infinity
T000269,T000447664,U000175,FAILED_TRANSACTION,RESOLVED,Sati,1/6/2022 22:28,1/17/2022 5:40
T000270,T000473798,U000180,MERCHANT_REVERSAL,RESOLVED,gamg,6/5/2022 11:50,8/11/2022 21:00
T000271,T000221870,U000444,MERCHANT_REVERSAL,RESOLVED,Krupa,7/1/2022 11:06,8/8/2022 1:51
T000272,T000587260,U000805,BANK_REVERSAL,RESOLVED,Rayleigh,3/21/2022 11:34,7/26/2022 13:53
T000273,T000697175,U000580,BANK_REVERSAL,RESOLVED,Sasi,3/16/2022 6:42,1/28/2022 7:16
T000274,T000257489,U000871,USER_ISSUE,RESOLVED,Messi,9/28/2022 3:45,9/16/2022 21:33
T000275,T000768986,U000901,BANK_REVERSAL,RESOLVED,gamg,4/11/2022 10:19,2/1/2022 17:11
T000276,T000163817,U000419,BANK_REVERSAL,RESOLVED,Ronaldo,4/7/2022 17:20,8/28/2022 8:35
T000277,T000714762,U000065,MERCHANT_REVERSAL,RESOLVED,Krupa,6/18/2022 2:05,10/30/2022 6:04
T000278,T000291664,U000990,USER_ISSUE,RESOLVED,mixa,11/9/2022 11:21,8/12/2022 1:03
T000279,T001021202,U000801,MERCHANT_REVERSAL,RESOLVED,Sasi,7/24/2022 1:26,4/30/2022 13:20
T000280,T000398576,U000368,BANK_REVERSAL,RESOLVED,Alba,7/20/2022 18:33,10/24/2022 14:19
T000281,T000912877,U000235,MERCHANT_REVERSAL,RESOLVED,Ronaldo,9/10/2022 23:50,10/25/2022 18:51
T000282,T000091603,U000229,MERCHANT_REVERSAL,RESOLVED,Alba,10/26/2022 7:26,9/11/2022 3:00
T000283,T000761939,U000022,MERCHANT_REVERSAL,RESOLVED,Rayleigh,11/6/2022 7:37,7/24/2022 0:09
T000284,T000237326,U000292,MERCHANT_REVERSAL,RESOLVED,illi,11/15/2022 1:13,8/3/2022 23:23
T000285,T000135417,U000013,MERCHANT_REVERSAL,RESOLVED,Rayleigh,9/27/2022 13:10,5/18/2022 11:01
T000286,T000508223,U000655,BANK_REVERSAL,RESOLVED,gamg,5/5/2022 1:43,8/14/2022 23:20
T000287,T000091088,U000387,FAILED_TRANSACTION,OPEN,chappel,6/6/2022 23:39,infinity
T000288,T000558068,U000316,FAILED_TRANSACTION,RESOLVED,chappel,1/24/2022 11:44,5/16/2022 4:02
T000289,T000854389,U000478,MERCHANT_REVERSAL,RESOLVED,Rayleigh,9/19/2022 20:14,7/13/2022 8:40
T000290,T000847746,U000920,FAILED_TRANSACTION,RESOLVED,Ronaldo,7/27/2022 20:03,4/18/2022 22:49
T000291,T000941178,U000481,MERCHANT_REVERSAL,RESOLVED,Sati,10/18/2022 23:55,8/1/2022 6:23
T000292,T000111646,U000885,FAILED_TRANSACTION,RESOLVED,gamg,11/7/2022 0:01,5/26/2022 3:14
T000293,T000379505,U000935,USER_ISSUE,RESOLVED,Ronaldo,6/14/2022 21:37,1/6/2022 22:24
T000294,T000806520,U000326,BANK_REVERSAL,RESOLVED,Sasi,6/21/2022 17:45,10/19/2022 5:09
T000295,T000153385,U000696,MERCHANT_REVERSAL,OPEN,Messi,2/22/2022 22:28,infinity
T000296,T000727578,U000013,FAILED_TRANSACTION,RESOLVED,gamg,11/18/2022 19:48,11/8/2022 7:18
T000297,T000493637,U000771,MERCHANT_REVERSAL,RESOLVED,Messi,7/14/2022 23:54,7/1/2022 3:50
T000298,T000745233,U000725,FAILED_TRANSACTION,RESOLVED,illi,10/31/2022 15:18,6/28/2022 11:01
T000299,T000870059,U000689,APP_LATENCY,RESOLVED,pant,5/27/2022 8:07,2/7/2022 1:19
T000300,T000098703,U000985,APP_LATENCY,RESOLVED,pant,6/22/2022 1:45,4/16/2022 12:40
T000301,T000817495,U000603,MERCHANT_REVERSAL,RESOLVED,Alba,6/29/2022 6:08,10/29/2022 23:36
T000302,T000371939,U000709,MERCHANT_REVERSAL,RESOLVED,pant,6/21/2022 16:52,5/26/2022 11:02
T000303,T000580150,U000222,MERCHANT_REVERSAL,RESOLVED,mixa,11/12/2022 4:46,9/14/2022 9:47
T000304,T001026500,U000262,MERCHANT_REVERSAL,RESOLVED,Krupa,6/19/2022 20:29,8/28/2022 11:00
T000305,T000058704,U000112,FAILED_TRANSACTION,RESOLVED,gamg,9/24/2022 20:12,7/3/2022 4:35
T000306,T000898205,U000379,BANK_REVERSAL,RESOLVED,mixa,3/16/2022 0:10,2/18/2022 5:08
T000307,T000281433,U000653,MERCHANT_REVERSAL,OPEN,Sati,3/31/2022 5:05,infinity
T000308,T000531112,U000527,APP_LATENCY,RESOLVED,chappel,10/11/2022 2:07,9/22/2022 20:59
T000309,T000264390,U000354,BANK_REVERSAL,RESOLVED,pant,7/12/2022 13:37,5/23/2022 3:11
T000310,T000837841,U000792,FAILED_TRANSACTION,RESOLVED,pant,2/23/2022 1:22,8/29/2022 21:41
T000311,T000617081,U000703,MERCHANT_REVERSAL,RESOLVED,Ronaldo,6/20/2022 23:04,3/9/2022 9:45
T000312,T000622203,U000932,MERCHANT_REVERSAL,RESOLVED,gamg,4/9/2022 23:16,7/3/2022 22:27
T000313,T000287657,U000046,MERCHANT_REVERSAL,RESOLVED,gamg,7/9/2022 14:19,4/4/2022 2:41
T000314,T000699508,U000598,BANK_REVERSAL,RESOLVED,Alba,10/14/2022 15:14,6/27/2022 11:10
T000315,T000321832,U000062,MERCHANT_REVERSAL,RESOLVED,pant,8/1/2022 0:45,3/18/2022 2:07
T000316,T000532875,U000258,MERCHANT_REVERSAL,RESOLVED,gamg,10/2/2022 22:20,7/29/2022 16:56
T000317,T000231963,U000829,FAILED_TRANSACTION,RESOLVED,Rayleigh,3/24/2022 13:26,9/8/2022 17:18
T000318,T000429043,U000720,BANK_REVERSAL,RESOLVED,Ronaldo,4/29/2022 17:27,8/11/2022 9:46
T000319,T000228955,U000579,BANK_REVERSAL,RESOLVED,illi,4/27/2022 4:26,6/15/2022 11:15
T000320,T000970728,U000617,MERCHANT_REVERSAL,RESOLVED,illi,4/24/2022 14:11,1/10/2022 12:06
T000321,T000100163,U000461,BANK_REVERSAL,OPEN,illi,8/8/2022 20:01,infinity
T000322,T000989148,U000716,MERCHANT_REVERSAL,RESOLVED,illi,4/11/2022 11:42,4/7/2022 16:04
T000323,T000460775,U000058,USER_ISSUE,RESOLVED,chappel,10/22/2022 13:31,9/10/2022 18:54
T000324,T000065238,U000083,BANK_REVERSAL,RESOLVED,Ronaldo,9/21/2022 13:52,6/9/2022 5:09
T000325,T000734261,U000902,MERCHANT_REVERSAL,RESOLVED,illi,5/30/2022 8:36,10/13/2022 15:54
T000326,T000262397,U000286,APP_LATENCY,RESOLVED,Ronaldo,9/3/2022 3:26,4/3/2022 22:11
T000327,T000719884,U000959,APP_LATENCY,RESOLVED,Messi,7/2/2022 7:47,11/16/2022 18:12
T000328,T000383400,U000704,BANK_REVERSAL,RESOLVED,Sati,6/17/2022 2:26,3/6/2022 2:26
T000329,T000460240,U000417,MERCHANT_REVERSAL,RESOLVED,Messi,10/23/2022 19:43,6/8/2022 18:08
T000330,T000646758,U000684,FAILED_TRANSACTION,RESOLVED,Alba,11/19/2022 8:01,9/15/2022 13:33
T000331,T000665129,U000876,FAILED_TRANSACTION,RESOLVED,mixa,8/10/2022 20:37,9/26/2022 8:35
T000332,T000181520,U000266,MERCHANT_REVERSAL,RESOLVED,Sasi,3/18/2022 2:19,8/13/2022 2:22
T000333,T000026450,U000159,USER_ISSUE,RESOLVED,Alba,9/2/2022 8:37,3/11/2022 16:44
T000334,T000504934,U000477,MERCHANT_REVERSAL,RESOLVED,Alba,3/14/2022 6:26,9/29/2022 4:11
T000335,T000160354,U000828,FAILED_TRANSACTION,RESOLVED,Sati,4/9/2022 3:08,10/14/2022 22:14
T000336,T000154337,U000915,BANK_REVERSAL,RESOLVED,gamg,2/28/2022 7:54,1/24/2022 5:49
T000337,T001015045,U000077,MERCHANT_REVERSAL,RESOLVED,Rayleigh,6/14/2022 11:48,1/18/2022 19:23
T000338,T000067563,U000173,FAILED_TRANSACTION,RESOLVED,Sati,3/18/2022 19:15,1/4/2022 21:59
T000339,T001042918,U000728,USER_ISSUE,RESOLVED,pant,6/12/2022 1:13,1/28/2022 7:19
T000340,T000512836,U000794,APP_LATENCY,RESOLVED,Ronaldo,3/30/2022 21:55,6/23/2022 0:28
T000341,T000434468,U000163,BANK_REVERSAL,RESOLVED,Ronaldo,8/31/2022 17:35,4/1/2022 5:10
T000342,T000905082,U000439,FAILED_TRANSACTION,RESOLVED,Rayleigh,11/12/2022 18:05,7/6/2022 23:18
T000343,T000049398,U000641,MERCHANT_REVERSAL,RESOLVED,pant,5/3/2022 11:28,3/18/2022 3:20
T000344,T000625705,U000377,BANK_REVERSAL,RESOLVED,pant,9/3/2022 5:21,6/7/2022 11:17
T000345,T000497228,U000652,BANK_REVERSAL,RESOLVED,Alba,8/25/2022 8:18,7/11/2022 7:16
T000346,T000472857,U000358,BANK_REVERSAL,RESOLVED,Ronaldo,4/28/2022 16:16,7/6/2022 13:51
T000347,T000428197,U000589,MERCHANT_REVERSAL,RESOLVED,gamg,7/23/2022 15:16,3/1/2022 2:20
T000348,T000168810,U000403,FAILED_TRANSACTION,RESOLVED,gamg,9/29/2022 14:06,3/19/2022 0:21
T000349,T000195933,U000942,FAILED_TRANSACTION,RESOLVED,Krupa,7/30/2022 16:26,9/16/2022 4:34
T000350,T000079107,U000446,USER_ISSUE,RESOLVED,mixa,10/18/2022 3:02,2/9/2022 14:18
T000351,T000264817,U000061,USER_ISSUE,OPEN,Sasi,1/2/2022 19:24,infinity
T000352,T000002963,U000790,MERCHANT_REVERSAL,RESOLVED,pant,6/11/2022 9:56,1/17/2022 15:53
T000353,T000241934,U000679,BANK_REVERSAL,RESOLVED,Krupa,10/21/2022 10:23,1/13/2022 21:08
T000354,T000275102,U000912,MERCHANT_REVERSAL,RESOLVED,pant,4/9/2022 7:35,3/21/2022 11:40
T000355,T000400352,U000850,BANK_REVERSAL,RESOLVED,Sasi,3/26/2022 15:17,3/4/2022 16:35
T000356,T000684232,U000164,BANK_REVERSAL,RESOLVED,mixa,1/3/2022 12:07,4/6/2022 8:22
T000357,T000145664,U000144,MERCHANT_REVERSAL,RESOLVED,Sati,10/25/2022 2:40,8/4/2022 8:43
T000358,T000299067,U000683,MERCHANT_REVERSAL,OPEN,pant,1/4/2022 16:54,infinity
T000359,T000016213,U000416,MERCHANT_REVERSAL,RESOLVED,pant,9/25/2022 3:28,10/23/2022 17:12
T000360,T000075464,U000929,MERCHANT_REVERSAL,RESOLVED,Sati,1/27/2022 23:01,5/25/2022 2:37
T000361,T000473831,U000401,BANK_REVERSAL,RESOLVED,illi,9/16/2022 1:54,8/9/2022 13:49
T000362,T000828046,U000432,MERCHANT_REVERSAL,RESOLVED,Alba,2/13/2022 22:26,3/19/2022 14:00
T000363,T000877201,U000604,MERCHANT_REVERSAL,RESOLVED,Sasi,3/23/2022 0:16,6/18/2022 16:07
T000364,T000921093,U000603,BANK_REVERSAL,RESOLVED,Alba,10/1/2022 22:12,1/25/2022 3:35
T000365,T000723022,U000602,USER_ISSUE,RESOLVED,Sati,1/13/2022 8:06,4/13/2022 19:09
T000366,T000444276,U000332,FAILED_TRANSACTION,RESOLVED,Sati,3/29/2022 1:50,6/13/2022 5:23
T000367,T000178441,U000913,FAILED_TRANSACTION,RESOLVED,Sasi,6/24/2022 13:18,7/14/2022 17:45
T000368,T000537346,U000428,APP_LATENCY,RESOLVED,Alba,11/16/2022 7:43,6/10/2022 10:26
T000369,T001001439,U000395,BANK_REVERSAL,RESOLVED,pant,1/27/2022 18:02,3/16/2022 0:17
T000370,T000993689,U000037,FAILED_TRANSACTION,RESOLVED,Sasi,6/30/2022 6:33,8/21/2022 1:18
T000371,T000473307,U000581,USER_ISSUE,RESOLVED,Krupa,1/30/2022 0:46,8/14/2022 6:54
T000372,T000545253,U000486,BANK_REVERSAL,RESOLVED,pant,9/27/2022 15:50,4/20/2022 9:45
T000373,T000011040,U000451,MERCHANT_REVERSAL,RESOLVED,mixa,9/3/2022 17:08,10/14/2022 7:45
T000374,T000448581,U000620,MERCHANT_REVERSAL,RESOLVED,Alba,9/8/2022 5:37,3/17/2022 17:52
T000375,T000171903,U000161,BANK_REVERSAL,RESOLVED,Krupa,3/1/2022 19:12,4/2/2022 9:10
T000376,T000225679,U000233,FAILED_TRANSACTION,RESOLVED,Sasi,7/9/2022 12:44,2/12/2022 4:21
T000377,T000936140,U000652,MERCHANT_REVERSAL,RESOLVED,illi,7/7/2022 18:23,1/17/2022 10:36
T000378,T000562190,U000852,MERCHANT_REVERSAL,RESOLVED,Rayleigh,7/23/2022 5:08,10/5/2022 14:32
T000379,T000939276,U000788,FAILED_TRANSACTION,RESOLVED,illi,11/25/2022 13:56,4/13/2022 16:08
T000380,T000412330,U000329,BANK_REVERSAL,RESOLVED,Sati,8/22/2022 7:21,1/11/2022 14:48
T000381,T000673697,U000157,MERCHANT_REVERSAL,RESOLVED,Krupa,7/9/2022 7:55,1/23/2022 3:07
T000382,T000132044,U000194,MERCHANT_REVERSAL,RESOLVED,illi,6/23/2022 8:17,3/2/2022 17:44
T000383,T000748947,U000363,APP_LATENCY,RESOLVED,mixa,5/30/2022 5:03,6/4/2022 23:26
T000384,T000404496,U000433,MERCHANT_REVERSAL,RESOLVED,mixa,1/14/2022 6:31,1/4/2022 1:59
T000385,T000646386,U000595,BANK_REVERSAL,RESOLVED,Krupa,7/17/2022 14:47,1/9/2022 22:07
T000386,T000862545,U000263,FAILED_TRANSACTION,RESOLVED,Messi,3/12/2022 9:22,6/3/2022 15:36
T000387,T000253027,U000905,FAILED_TRANSACTION,OPEN,gamg,11/3/2022 11:14,infinity
T000388,T000040835,U000627,BANK_REVERSAL,RESOLVED,gamg,10/4/2022 11:54,8/10/2022 13:24
T000389,T000145894,U000540,BANK_REVERSAL,RESOLVED,Messi,4/27/2022 20:26,2/16/2022 2:28
T000390,T000031476,U000584,FAILED_TRANSACTION,RESOLVED,Ronaldo,4/2/2022 4:02,1/22/2022 3:45
T000391,T000784177,U000585,USER_ISSUE,RESOLVED,chappel,10/30/2022 1:22,4/22/2022 17:19
T000392,T000228991,U000912,BANK_REVERSAL,OPEN,gamg,8/27/2022 13:05,infinity
T000393,T000046690,U000721,FAILED_TRANSACTION,OPEN,illi,5/29/2022 0:57,infinity
T000394,T000659533,U000036,MERCHANT_REVERSAL,RESOLVED,Rayleigh,1/14/2022 20:51,6/4/2022 18:34
T000395,T000299423,U000764,FAILED_TRANSACTION,RESOLVED,Sati,7/15/2022 1:25,1/5/2022 10:12
T000396,T000922262,U000285,MERCHANT_REVERSAL,OPEN,Rayleigh,1/19/2022 20:20,infinity
T000397,T000604310,U000376,BANK_REVERSAL,RESOLVED,gamg,3/22/2022 12:33,7/20/2022 11:02
T000398,T000363121,U000637,APP_LATENCY,RESOLVED,Sati,1/31/2022 3:30,9/26/2022 20:22
T000399,T000522529,U000718,FAILED_TRANSACTION,RESOLVED,Ronaldo,10/4/2022 11:03,7/14/2022 9:08
T000400,T000320479,U000486,BANK_REVERSAL,OPEN,Ronaldo,6/18/2022 18:06,infinity
T000401,T000863552,U000403,MERCHANT_REVERSAL,RESOLVED,Krupa,4/2/2022 12:54,8/16/2022 19:32
T000402,T000110144,U000490,BANK_REVERSAL,RESOLVED,gamg,7/14/2022 8:24,10/23/2022 8:50
T000403,T000468647,U000423,BANK_REVERSAL,RESOLVED,gamg,10/9/2022 23:02,6/16/2022 18:33
T000404,T000419784,U000613,BANK_REVERSAL,RESOLVED,Rayleigh,9/16/2022 4:04,5/6/2022 22:11
T000405,T000048589,U000944,FAILED_TRANSACTION,RESOLVED,mixa,4/30/2022 15:23,11/15/2022 21:42
T000406,T000574628,U000546,MERCHANT_REVERSAL,RESOLVED,Ronaldo,2/3/2022 17:27,8/9/2022 9:30
T000407,T000119950,U000472,BANK_REVERSAL,RESOLVED,Sasi,3/31/2022 23:25,3/1/2022 5:33
T000408,T000992630,U000076,FAILED_TRANSACTION,RESOLVED,Alba,8/2/2022 4:00,11/20/2022 9:24
T000409,T000083619,U000350,FAILED_TRANSACTION,RESOLVED,Ronaldo,10/18/2022 15:27,1/16/2022 22:26
T000410,T000891486,U000018,BANK_REVERSAL,RESOLVED,Ronaldo,11/26/2022 6:06,8/8/2022 18:49
T000411,T000389798,U000307,APP_LATENCY,RESOLVED,mixa,3/21/2022 20:27,4/14/2022 13:28
T000412,T000149717,U000711,MERCHANT_REVERSAL,RESOLVED,chappel,9/24/2022 21:55,2/15/2022 15:23
T000413,T000716886,U000710,FAILED_TRANSACTION,RESOLVED,illi,1/25/2022 13:10,4/7/2022 9:29
T000414,T001029359,U000646,FAILED_TRANSACTION,RESOLVED,Messi,1/25/2022 5:45,3/30/2022 1:30
T000415,T000955175,U000613,BANK_REVERSAL,RESOLVED,chappel,6/27/2022 8:52,8/17/2022 11:51
T000416,T000745021,U000706,APP_LATENCY,RESOLVED,mixa,9/4/2022 17:40,7/7/2022 22:56
T000417,T000030419,U000267,MERCHANT_REVERSAL,OPEN,Ronaldo,4/15/2022 1:47,infinity
T000418,T000383607,U000410,FAILED_TRANSACTION,RESOLVED,Alba,3/24/2022 3:27,7/26/2022 21:40
T000419,T001031415,U000134,BANK_REVERSAL,RESOLVED,mixa,1/9/2022 17:58,1/31/2022 17:04
T000420,T000022656,U000995,MERCHANT_REVERSAL,RESOLVED,illi,1/16/2022 14:28,4/16/2022 4:17
T000421,T000715253,U000763,MERCHANT_REVERSAL,RESOLVED,Alba,10/10/2022 13:10,9/15/2022 7:17
T000422,T000894068,U000270,MERCHANT_REVERSAL,RESOLVED,Rayleigh,1/8/2022 9:32,3/24/2022 14:36
T000423,T000136486,U000217,APP_LATENCY,RESOLVED,mixa,11/18/2022 20:09,10/9/2022 17:48
T000424,T000522311,U000687,APP_LATENCY,RESOLVED,Messi,7/8/2022 11:21,2/23/2022 7:12
T000425,T000674953,U000753,APP_LATENCY,RESOLVED,chappel,11/26/2022 11:11,1/9/2022 6:32
T000426,T000453572,U000599,BANK_REVERSAL,RESOLVED,chappel,3/7/2022 16:31,4/16/2022 20:10
T000427,T000384206,U000594,BANK_REVERSAL,RESOLVED,Sasi,8/12/2022 7:10,8/15/2022 5:55
T000428,T000176823,U000807,MERCHANT_REVERSAL,RESOLVED,chappel,6/7/2022 22:45,2/1/2022 23:56
T000429,T000924433,U000486,FAILED_TRANSACTION,RESOLVED,gamg,7/18/2022 12:21,9/4/2022 19:10
T000430,T000252449,U000293,MERCHANT_REVERSAL,RESOLVED,chappel,6/9/2022 1:38,11/18/2022 2:45
T000431,T000416467,U000295,BANK_REVERSAL,RESOLVED,pant,6/27/2022 7:56,6/27/2022 12:24
T000432,T000337370,U000646,MERCHANT_REVERSAL,RESOLVED,pant,5/29/2022 8:44,1/12/2022 23:25
T000433,T000788510,U000912,MERCHANT_REVERSAL,RESOLVED,chappel,3/10/2022 9:36,3/11/2022 0:19
T000434,T000781273,U000675,FAILED_TRANSACTION,RESOLVED,pant,10/24/2022 14:55,9/18/2022 7:40
T000435,T000195591,U000673,MERCHANT_REVERSAL,RESOLVED,illi,4/10/2022 21:33,9/30/2022 5:57
T000436,T000735689,U000158,MERCHANT_REVERSAL,RESOLVED,pant,4/22/2022 18:11,5/1/2022 12:15
T000437,T000720941,U000722,BANK_REVERSAL,RESOLVED,Alba,1/10/2022 15:37,4/19/2022 17:34
T000438,T000816064,U000498,MERCHANT_REVERSAL,RESOLVED,Krupa,8/31/2022 2:45,3/12/2022 22:15
T000439,T000734944,U000905,BANK_REVERSAL,RESOLVED,Alba,8/28/2022 23:13,5/11/2022 7:41
T000440,T000782872,U000422,APP_LATENCY,RESOLVED,Ronaldo,8/16/2022 3:07,4/20/2022 15:23
T000441,T000051055,U000677,FAILED_TRANSACTION,RESOLVED,Sasi,4/28/2022 6:51,3/11/2022 5:43
T000442,T000410051,U000887,BANK_REVERSAL,RESOLVED,Rayleigh,9/20/2022 4:01,3/25/2022 13:23
T000443,T000576940,U000105,BANK_REVERSAL,OPEN,Alba,8/29/2022 3:04,infinity
T000444,T000875318,U000248,MERCHANT_REVERSAL,RESOLVED,Sati,7/18/2022 1:28,9/20/2022 10:38
T000445,T000685044,U000594,FAILED_TRANSACTION,RESOLVED,Ronaldo,4/28/2022 2:01,3/14/2022 12:45
T000446,T000848705,U000988,MERCHANT_REVERSAL,RESOLVED,Krupa,3/6/2022 1:12,8/20/2022 0:47
T000447,T000388187,U000721,APP_LATENCY,RESOLVED,Sati,4/8/2022 3:35,9/17/2022 20:52
T000448,T000870088,U000201,BANK_REVERSAL,RESOLVED,chappel,3/19/2022 21:03,6/4/2022 12:43
T000449,T000533531,U000492,BANK_REVERSAL,RESOLVED,illi,8/16/2022 20:31,1/13/2022 5:17
T000450,T000214251,U000362,MERCHANT_REVERSAL,RESOLVED,pant,1/30/2022 12:31,6/7/2022 12:24
T000451,T000217708,U000895,FAILED_TRANSACTION,OPEN,Krupa,7/2/2022 10:31,infinity
T000452,T000944327,U000213,MERCHANT_REVERSAL,RESOLVED,pant,8/25/2022 18:56,3/5/2022 15:18
T000453,T000138606,U000154,MERCHANT_REVERSAL,RESOLVED,Sati,11/23/2022 9:08,6/23/2022 17:03
T000454,T000400356,U000968,USER_ISSUE,RESOLVED,Sasi,3/24/2022 18:01,3/25/2022 19:49
T000455,T000653737,U000200,MERCHANT_REVERSAL,RESOLVED,Rayleigh,4/20/2022 22:28,8/12/2022 16:48
T000456,T000958622,U000300,BANK_REVERSAL,RESOLVED,Messi,1/7/2022 18:37,10/12/2022 6:15
T000457,T000822028,U000739,APP_LATENCY,RESOLVED,mixa,3/31/2022 0:55,2/9/2022 17:40
T000458,T000492428,U000180,MERCHANT_REVERSAL,RESOLVED,chappel,8/18/2022 23:28,2/25/2022 23:59
T000459,T000417635,U000491,MERCHANT_REVERSAL,RESOLVED,Sasi,9/16/2022 19:14,1/2/2022 22:04
T000460,T000447025,U000730,BANK_REVERSAL,RESOLVED,Alba,2/2/2022 19:40,7/9/2022 9:07
T000461,T000761664,U000180,MERCHANT_REVERSAL,RESOLVED,Rayleigh,6/4/2022 6:35,3/19/2022 4:26
T000462,T000704191,U000254,FAILED_TRANSACTION,RESOLVED,mixa,4/5/2022 13:23,8/31/2022 5:43
T000463,T000151562,U000737,FAILED_TRANSACTION,RESOLVED,chappel,10/12/2022 13:20,7/20/2022 20:50
T000464,T000583229,U000658,APP_LATENCY,RESOLVED,mixa,4/30/2022 7:08,7/4/2022 6:00
T000465,T000853608,U000404,FAILED_TRANSACTION,RESOLVED,Ronaldo,9/28/2022 10:48,8/3/2022 21:02
T000466,T000920636,U000879,BANK_REVERSAL,RESOLVED,mixa,9/24/2022 7:08,7/5/2022 13:14
T000467,T000661872,U000090,USER_ISSUE,RESOLVED,Ronaldo,11/2/2022 12:33,6/16/2022 22:20
T000468,T000498872,U000629,MERCHANT_REVERSAL,RESOLVED,chappel,4/9/2022 15:13,4/29/2022 23:31
T000469,T000707525,U000457,MERCHANT_REVERSAL,RESOLVED,gamg,6/3/2022 0:10,1/22/2022 12:04
T000470,T000904653,U000479,APP_LATENCY,RESOLVED,Krupa,1/19/2022 12:13,1/30/2022 13:41
T000471,T000703852,U000076,FAILED_TRANSACTION,RESOLVED,Ronaldo,9/14/2022 0:09,7/18/2022 4:58
T000472,T000992185,U000724,FAILED_TRANSACTION,RESOLVED,chappel,4/24/2022 14:22,11/20/2022 16:25
T000473,T000496226,U000561,FAILED_TRANSACTION,RESOLVED,illi,8/11/2022 15:00,10/14/2022 10:55
T000474,T000918543,U000305,FAILED_TRANSACTION,RESOLVED,illi,6/26/2022 16:07,10/16/2022 3:08
T000475,T000316613,U000184,BANK_REVERSAL,RESOLVED,Sasi,8/16/2022 17:58,11/16/2022 18:53
T000476,T000233063,U000641,MERCHANT_REVERSAL,RESOLVED,Ronaldo,1/5/2022 15:08,5/2/2022 20:35
T000477,T000631067,U000373,FAILED_TRANSACTION,RESOLVED,chappel,1/24/2022 3:25,7/26/2022 8:25
T000478,T000408929,U000048,APP_LATENCY,RESOLVED,Sati,6/10/2022 5:44,6/17/2022 18:32
T000479,T000564446,U000225,FAILED_TRANSACTION,RESOLVED,Sati,8/30/2022 11:45,3/29/2022 23:05
T000480,T000794797,U000227,FAILED_TRANSACTION,RESOLVED,Alba,10/22/2022 18:21,11/13/2022 10:16
T000481,T000532054,U000848,BANK_REVERSAL,RESOLVED,illi,11/23/2022 13:48,7/31/2022 3:29
T000482,T000054497,U000730,BANK_REVERSAL,RESOLVED,Messi,11/15/2022 22:29,2/4/2022 11:43
T000483,T000192956,U000175,MERCHANT_REVERSAL,OPEN,gamg,7/8/2022 9:41,infinity
T000484,T000052977,U000232,BANK_REVERSAL,RESOLVED,gamg,10/25/2022 17:30,10/10/2022 8:48
T000485,T001036515,U000556,MERCHANT_REVERSAL,RESOLVED,Messi,7/20/2022 8:58,9/25/2022 1:56
T000486,T000991143,U000401,MERCHANT_REVERSAL,RESOLVED,mixa,1/25/2022 11:11,4/26/2022 20:44
T000487,T000947299,U000617,MERCHANT_REVERSAL,RESOLVED,Alba,3/5/2022 12:56,1/9/2022 19:52
T000488,T000407900,U000785,APP_LATENCY,RESOLVED,chappel,11/10/2022 15:24,10/24/2022 8:26
T000489,T000279195,U000110,BANK_REVERSAL,RESOLVED,mixa,5/27/2022 22:52,7/12/2022 10:46
T000490,T000744257,U000244,BANK_REVERSAL,RESOLVED,Krupa,8/23/2022 23:45,3/12/2022 11:34
T000491,T000278279,U000266,FAILED_TRANSACTION,OPEN,gamg,3/24/2022 23:44,infinity
T000492,T000554832,U000832,MERCHANT_REVERSAL,RESOLVED,Sasi,2/6/2022 16:34,4/13/2022 16:25
T000493,T000174048,U000663,FAILED_TRANSACTION,OPEN,Messi,1/28/2022 11:50,infinity
T000494,T000709685,U000995,BANK_REVERSAL,RESOLVED,Ronaldo,7/15/2022 14:04,3/29/2022 23:43
T000495,T001000207,U000869,FAILED_TRANSACTION,RESOLVED,Messi,3/20/2022 13:41,9/19/2022 1:07
T000496,T001013599,U000794,MERCHANT_REVERSAL,OPEN,Sasi,4/19/2022 3:41,infinity
T000497,T000211568,U000358,BANK_REVERSAL,RESOLVED,Alba,3/3/2022 18:58,6/17/2022 14:44
T000498,T000606814,U000246,BANK_REVERSAL,RESOLVED,illi,2/17/2022 6:11,7/9/2022 18:12
T000499,T000098757,U000717,BANK_REVERSAL,RESOLVED,Sati,9/9/2022 7:36,7/30/2022 23:59
T000500,T000638272,U000875,MERCHANT_REVERSAL,OPEN,Alba,8/14/2022 18:08,infinity
T000501,T000280187,U000091,BANK_REVERSAL,RESOLVED,Rayleigh,2/2/2022 10:12,1/26/2022 7:08
T000502,T000878094,U000262,BANK_REVERSAL,RESOLVED,Krupa,3/17/2022 11:17,3/9/2022 8:36
T000503,T000592885,U000791,APP_LATENCY,RESOLVED,mixa,8/19/2022 12:45,11/19/2022 0:18
T000504,T000445263,U000543,BANK_REVERSAL,RESOLVED,Alba,11/13/2022 19:16,4/9/2022 9:03
T000505,T000534600,U000047,FAILED_TRANSACTION,RESOLVED,Krupa,5/25/2022 23:15,1/4/2022 4:36
T000506,T000076526,U000780,MERCHANT_REVERSAL,RESOLVED,Messi,3/23/2022 4:14,9/12/2022 21:44
T000507,T000737680,U000810,MERCHANT_REVERSAL,OPEN,Sati,5/12/2022 3:42,infinity
T000508,T000783318,U000462,FAILED_TRANSACTION,OPEN,chappel,7/9/2022 17:55,infinity
T000509,T000701738,U000564,MERCHANT_REVERSAL,RESOLVED,illi,4/24/2022 22:39,6/7/2022 10:09
T000510,T000001040,U000360,MERCHANT_REVERSAL,RESOLVED,Rayleigh,2/16/2022 21:33,6/22/2022 23:54
T000511,T000932114,U000640,BANK_REVERSAL,RESOLVED,pant,1/17/2022 4:02,1/20/2022 21:46
T000512,T000618757,U000399,USER_ISSUE,RESOLVED,pant,9/24/2022 11:59,4/15/2022 9:40
T000513,T000433927,U000693,FAILED_TRANSACTION,RESOLVED,Sasi,11/10/2022 16:10,1/24/2022 8:41
T000514,T000052686,U000716,FAILED_TRANSACTION,RESOLVED,Rayleigh,11/3/2022 4:59,5/22/2022 13:31
T000515,T000160999,U000767,MERCHANT_REVERSAL,RESOLVED,illi,8/20/2022 18:22,10/25/2022 14:19
T000516,T000289186,U000976,USER_ISSUE,RESOLVED,illi,8/27/2022 21:46,1/17/2022 14:53
T000517,T000694940,U000020,BANK_REVERSAL,RESOLVED,gamg,3/8/2022 20:10,4/15/2022 8:20
T000518,T000734420,U000477,MERCHANT_REVERSAL,RESOLVED,Sasi,3/9/2022 10:05,3/2/2022 11:54
T000519,T000031726,U000131,MERCHANT_REVERSAL,RESOLVED,Messi,2/16/2022 8:02,1/5/2022 0:05
T000520,T000491195,U000987,MERCHANT_REVERSAL,RESOLVED,mixa,2/6/2022 20:40,5/29/2022 4:19
T000521,T000771696,U000537,FAILED_TRANSACTION,RESOLVED,Sati,11/7/2022 16:36,4/20/2022 6:10
T000522,T000536951,U000486,APP_LATENCY,RESOLVED,Ronaldo,2/11/2022 14:19,2/2/2022 14:47
T000523,T000505491,U000756,FAILED_TRANSACTION,RESOLVED,Messi,4/28/2022 12:44,10/2/2022 10:26
T000524,T000274480,U000961,FAILED_TRANSACTION,RESOLVED,illi,9/30/2022 12:04,6/13/2022 21:03
T000525,T000301037,U000991,MERCHANT_REVERSAL,RESOLVED,chappel,6/6/2022 20:53,6/24/2022 3:14
T000526,T000735111,U000267,FAILED_TRANSACTION,RESOLVED,Alba,8/10/2022 2:25,5/12/2022 23:48
T000527,T000226960,U000918,BANK_REVERSAL,RESOLVED,illi,11/24/2022 11:08,6/25/2022 13:42
T000528,T000548897,U000613,MERCHANT_REVERSAL,OPEN,Messi,3/18/2022 17:44,infinity
T000529,T000116623,U000054,BANK_REVERSAL,RESOLVED,pant,6/3/2022 12:34,6/27/2022 12:18
T000530,T000507135,U000371,MERCHANT_REVERSAL,RESOLVED,Sati,7/19/2022 13:46,9/2/2022 1:06
T000531,T000198748,U000282,BANK_REVERSAL,RESOLVED,Sati,2/9/2022 11:05,2/23/2022 0:50
T000532,T000503246,U000800,MERCHANT_REVERSAL,RESOLVED,Sati,6/13/2022 0:23,5/17/2022 12:18
T000533,T000445998,U000251,MERCHANT_REVERSAL,RESOLVED,illi,6/28/2022 22:59,1/19/2022 6:48
T000534,T000901825,U000084,MERCHANT_REVERSAL,RESOLVED,chappel,9/1/2022 0:16,6/27/2022 11:04
T000535,T000315922,U000680,MERCHANT_REVERSAL,RESOLVED,gamg,4/17/2022 5:21,4/4/2022 11:19
T000536,T000953365,U000243,MERCHANT_REVERSAL,RESOLVED,mixa,7/19/2022 2:08,3/12/2022 22:36
T000537,T000435736,U000841,FAILED_TRANSACTION,RESOLVED,chappel,4/18/2022 8:43,3/4/2022 1:37
T000538,T000786733,U000482,BANK_REVERSAL,RESOLVED,Ronaldo,7/3/2022 19:36,8/12/2022 18:05
T000539,T000876775,U000346,BANK_REVERSAL,RESOLVED,Sasi,2/11/2022 8:38,4/30/2022 5:57
T000540,T000092987,U000599,BANK_REVERSAL,OPEN,chappel,8/19/2022 12:49,infinity
T000541,T000999163,U000085,USER_ISSUE,RESOLVED,Messi,8/30/2022 19:23,9/15/2022 21:26
T000542,T000217050,U000107,FAILED_TRANSACTION,RESOLVED,Sati,9/29/2022 23:36,6/14/2022 20:05
T000543,T000653000,U000872,APP_LATENCY,RESOLVED,Alba,10/4/2022 7:31,3/7/2022 17:02
T000544,T000126033,U000727,APP_LATENCY,RESOLVED,gamg,4/21/2022 22:27,2/4/2022 17:24
T000545,T000090012,U000506,FAILED_TRANSACTION,RESOLVED,Alba,8/29/2022 23:33,6/29/2022 3:30
T000546,T000738675,U000285,BANK_REVERSAL,RESOLVED,Messi,5/13/2022 12:48,7/5/2022 13:11
T000547,T000298157,U000702,BANK_REVERSAL,RESOLVED,Rayleigh,3/30/2022 8:41,1/3/2022 1:24
T000548,T000099706,U000563,MERCHANT_REVERSAL,RESOLVED,Messi,6/29/2022 4:17,1/26/2022 1:12
T000549,T000565949,U000464,MERCHANT_REVERSAL,RESOLVED,Rayleigh,10/5/2022 1:58,10/3/2022 4:25
T000550,T000120674,U000205,FAILED_TRANSACTION,RESOLVED,illi,5/4/2022 16:24,9/5/2022 18:10
T000551,T000457666,U000999,BANK_REVERSAL,RESOLVED,mixa,11/2/2022 12:49,2/6/2022 15:48
T000552,T000528447,U000435,BANK_REVERSAL,OPEN,Krupa,1/1/2022 22:08,infinity
T000553,T000879347,U000086,FAILED_TRANSACTION,RESOLVED,Sasi,5/7/2022 17:25,5/8/2022 14:13
T000554,T000820148,U000452,FAILED_TRANSACTION,OPEN,Messi,4/29/2022 1:05,infinity
T000555,T000222697,U000187,FAILED_TRANSACTION,RESOLVED,Ronaldo,6/17/2022 0:31,4/11/2022 10:25
T000556,T000857037,U000469,BANK_REVERSAL,RESOLVED,Krupa,8/15/2022 16:50,5/13/2022 23:57
T000557,T000430208,U000569,FAILED_TRANSACTION,RESOLVED,Rayleigh,4/23/2022 19:27,7/13/2022 5:27
T000558,T000416805,U000704,BANK_REVERSAL,RESOLVED,Sasi,11/9/2022 22:10,10/4/2022 12:59
T000559,T000346987,U000153,FAILED_TRANSACTION,RESOLVED,Alba,10/26/2022 11:22,10/4/2022 2:39
T000560,T000698180,U000969,FAILED_TRANSACTION,RESOLVED,Sati,9/23/2022 20:46,3/15/2022 13:58
T000561,T000248811,U000665,BANK_REVERSAL,RESOLVED,Ronaldo,1/5/2022 4:29,7/31/2022 23:56
T000562,T000040048,U000416,BANK_REVERSAL,RESOLVED,Rayleigh,10/3/2022 19:55,5/9/2022 0:50
T000563,T000660978,U000345,FAILED_TRANSACTION,OPEN,Alba,4/20/2022 12:44,infinity
T000564,T001023209,U000748,BANK_REVERSAL,RESOLVED,Alba,3/23/2022 4:06,7/5/2022 21:13
T000565,T000108119,U000134,FAILED_TRANSACTION,RESOLVED,pant,8/17/2022 9:14,4/26/2022 21:56
T000566,T000983184,U000931,APP_LATENCY,RESOLVED,Krupa,10/2/2022 7:47,2/25/2022 17:26
T000567,T000530651,U000985,BANK_REVERSAL,RESOLVED,Rayleigh,2/17/2022 19:00,10/8/2022 9:29
T000568,T000091833,U000861,MERCHANT_REVERSAL,RESOLVED,chappel,9/9/2022 18:01,8/16/2022 0:00
T000569,T000175863,U000164,FAILED_TRANSACTION,RESOLVED,chappel,8/14/2022 8:33,9/25/2022 16:45
T000570,T000828935,U000127,MERCHANT_REVERSAL,RESOLVED,Alba,11/23/2022 2:38,10/5/2022 13:54
T000571,T000170848,U000946,FAILED_TRANSACTION,OPEN,gamg,11/14/2022 15:42,infinity
T000572,T000350765,U000224,FAILED_TRANSACTION,RESOLVED,illi,3/12/2022 7:59,9/14/2022 9:55
T000573,T000483831,U000735,MERCHANT_REVERSAL,RESOLVED,illi,11/23/2022 5:30,9/22/2022 14:29
T000574,T000918491,U000775,MERCHANT_REVERSAL,OPEN,Sasi,4/11/2022 0:45,infinity
T000575,T000564376,U000786,FAILED_TRANSACTION,OPEN,Sati,10/23/2022 10:54,infinity
T000576,T000146253,U000800,BANK_REVERSAL,OPEN,mixa,4/30/2022 7:33,infinity
T000577,T000498812,U000585,FAILED_TRANSACTION,RESOLVED,Alba,10/13/2022 14:08,4/24/2022 10:32
T000578,T000557208,U000741,BANK_REVERSAL,RESOLVED,Messi,2/10/2022 12:45,3/25/2022 18:07
T000579,T000775179,U000078,USER_ISSUE,RESOLVED,Alba,10/6/2022 17:27,8/8/2022 12:58
T000580,T000046701,U000765,BANK_REVERSAL,RESOLVED,Krupa,11/1/2022 2:19,2/19/2022 0:59
T000581,T000486416,U000697,BANK_REVERSAL,RESOLVED,illi,9/2/2022 23:06,2/16/2022 1:36
T000582,T000390633,U000085,FAILED_TRANSACTION,RESOLVED,chappel,9/21/2022 22:20,8/4/2022 5:18
T000583,T000348586,U000761,MERCHANT_REVERSAL,RESOLVED,Sati,9/27/2022 9:22,5/17/2022 6:17
T000584,T000251496,U000459,USER_ISSUE,RESOLVED,Alba,1/8/2022 4:04,5/12/2022 10:53
T000585,T000955319,U000189,MERCHANT_REVERSAL,OPEN,Messi,9/30/2022 8:22,infinity
T000586,T000892976,U000715,BANK_REVERSAL,RESOLVED,pant,10/14/2022 0:00,4/24/2022 4:00
T000587,T000842023,U000541,FAILED_TRANSACTION,RESOLVED,Sasi,9/26/2022 0:12,10/4/2022 22:50
T000588,T000849481,U000777,MERCHANT_REVERSAL,RESOLVED,Sasi,10/12/2022 0:41,7/1/2022 10:06
T000589,T000818118,U000937,USER_ISSUE,RESOLVED,Sasi,1/14/2022 4:04,11/11/2022 5:22
T000590,T000186035,U000189,MERCHANT_REVERSAL,RESOLVED,pant,1/29/2022 10:12,4/8/2022 15:21
T000591,T000998457,U000005,MERCHANT_REVERSAL,RESOLVED,mixa,7/24/2022 2:16,5/2/2022 3:50
T000592,T000699689,U000271,APP_LATENCY,RESOLVED,Sati,4/12/2022 18:41,10/28/2022 22:47
T000593,T000218299,U000914,BANK_REVERSAL,RESOLVED,Krupa,7/31/2022 8:34,7/6/2022 0:37
T000594,T000881986,U000453,FAILED_TRANSACTION,OPEN,chappel,4/7/2022 7:30,infinity
T000595,T000425808,U000482,FAILED_TRANSACTION,RESOLVED,Messi,3/31/2022 10:52,4/8/2022 22:34
T000596,T000949437,U000896,FAILED_TRANSACTION,RESOLVED,illi,8/2/2022 22:20,8/25/2022 5:29
T000597,T000725444,U000085,BANK_REVERSAL,RESOLVED,chappel,4/5/2022 13:01,3/30/2022 15:20
T000598,T001030782,U000498,BANK_REVERSAL,RESOLVED,pant,5/2/2022 3:46,8/5/2022 23:45
T000599,T000104467,U000262,FAILED_TRANSACTION,RESOLVED,Rayleigh,11/25/2022 21:21,4/26/2022 17:55
T000600,T000002075,U000374,APP_LATENCY,RESOLVED,Sasi,1/15/2022 6:02,11/14/2022 22:47
T000601,T000605667,U000163,FAILED_TRANSACTION,RESOLVED,Alba,2/1/2022 7:10,1/23/2022 17:02
T000602,T000423862,U000401,BANK_REVERSAL,RESOLVED,Krupa,3/10/2022 7:26,1/30/2022 14:16
T000603,T000027523,U000116,BANK_REVERSAL,RESOLVED,Sati,1/8/2022 3:30,11/6/2022 19:21
T000604,T000590362,U000980,BANK_REVERSAL,RESOLVED,Sasi,8/21/2022 13:48,10/2/2022 7:41
T000605,T000063402,U000642,BANK_REVERSAL,RESOLVED,gamg,7/19/2022 8:22,6/18/2022 11:30
T000606,T000734971,U000971,FAILED_TRANSACTION,RESOLVED,Messi,6/7/2022 23:50,6/22/2022 19:37
T000607,T000538529,U000929,MERCHANT_REVERSAL,RESOLVED,Sati,6/22/2022 9:16,6/4/2022 16:43
T000608,T000941841,U000419,MERCHANT_REVERSAL,RESOLVED,illi,5/29/2022 17:55,10/17/2022 22:53
T000609,T001002762,U000042,FAILED_TRANSACTION,RESOLVED,Messi,5/31/2022 3:43,10/25/2022 4:14
T000610,T000049682,U000943,USER_ISSUE,OPEN,Rayleigh,11/11/2022 7:43,infinity
T000611,T000652048,U000492,USER_ISSUE,RESOLVED,illi,6/4/2022 3:58,5/14/2022 6:08
T000612,T001014048,U000796,MERCHANT_REVERSAL,RESOLVED,Rayleigh,8/30/2022 6:17,8/16/2022 5:59
T000613,T000481744,U000551,APP_LATENCY,RESOLVED,pant,7/5/2022 21:36,9/6/2022 16:35
T000614,T000902743,U000633,MERCHANT_REVERSAL,RESOLVED,Messi,6/18/2022 21:40,3/22/2022 8:06
T000615,T000869174,U000785,FAILED_TRANSACTION,RESOLVED,Sasi,5/24/2022 0:33,3/1/2022 0:09
T000616,T000595846,U000609,MERCHANT_REVERSAL,RESOLVED,gamg,8/3/2022 7:43,7/8/2022 2:43
T000617,T000224599,U000815,FAILED_TRANSACTION,OPEN,mixa,8/29/2022 19:34,infinity
T000618,T000556799,U000462,USER_ISSUE,RESOLVED,Rayleigh,11/8/2022 7:11,3/20/2022 23:44
T000619,T000266863,U000709,FAILED_TRANSACTION,RESOLVED,Ronaldo,6/27/2022 14:58,7/13/2022 5:59
T000620,T000655012,U000014,FAILED_TRANSACTION,RESOLVED,pant,7/11/2022 12:22,3/28/2022 20:00
T000621,T000697751,U000805,MERCHANT_REVERSAL,RESOLVED,Sasi,4/11/2022 21:03,11/15/2022 19:12
T000622,T000852454,U000378,MERCHANT_REVERSAL,RESOLVED,Krupa,6/6/2022 7:39,10/29/2022 20:43
T000623,T000557485,U000279,MERCHANT_REVERSAL,RESOLVED,Rayleigh,11/26/2022 12:41,2/24/2022 20:16
T000624,T000415849,U000150,BANK_REVERSAL,RESOLVED,chappel,7/29/2022 8:58,3/23/2022 7:12
T000625,T000584194,U000726,APP_LATENCY,RESOLVED,Ronaldo,9/10/2022 1:22,4/21/2022 4:55
T000626,T000313944,U000720,BANK_REVERSAL,RESOLVED,Messi,5/16/2022 14:43,3/4/2022 23:09
T000627,T000183870,U000756,BANK_REVERSAL,OPEN,Alba,2/21/2022 0:39,infinity
T000628,T000490444,U000194,FAILED_TRANSACTION,RESOLVED,Sasi,10/2/2022 14:35,4/7/2022 12:16
T000629,T000032837,U000913,BANK_REVERSAL,RESOLVED,chappel,9/22/2022 18:44,3/25/2022 4:55
T000630,T000720931,U000759,MERCHANT_REVERSAL,RESOLVED,Krupa,3/17/2022 1:18,6/23/2022 9:22
T000631,T000765556,U000777,APP_LATENCY,RESOLVED,pant,10/26/2022 7:11,1/12/2022 15:22
T000632,T001001360,U000176,BANK_REVERSAL,RESOLVED,Ronaldo,3/30/2022 20:34,3/19/2022 11:58
T000633,T000713589,U000183,FAILED_TRANSACTION,RESOLVED,Rayleigh,7/6/2022 19:47,2/22/2022 7:30
T000634,T000291732,U000552,FAILED_TRANSACTION,RESOLVED,pant,5/16/2022 14:34,4/18/2022 2:10
T000635,T000242705,U000730,BANK_REVERSAL,OPEN,pant,1/13/2022 20:51,infinity
T000636,T000188356,U000295,MERCHANT_REVERSAL,RESOLVED,Rayleigh,11/1/2022 10:47,3/22/2022 10:44
T000637,T000923757,U000160,MERCHANT_REVERSAL,RESOLVED,Ronaldo,6/12/2022 23:25,2/10/2022 2:04
T000638,T000769062,U000627,APP_LATENCY,RESOLVED,Messi,8/5/2022 11:11,4/29/2022 12:36
T000639,T000418537,U000114,BANK_REVERSAL,RESOLVED,Alba,2/2/2022 4:19,9/16/2022 15:09
T000640,T000550632,U000026,MERCHANT_REVERSAL,OPEN,Messi,4/20/2022 17:50,infinity
T000641,T000589538,U000465,BANK_REVERSAL,RESOLVED,Rayleigh,10/17/2022 11:57,7/11/2022 19:37
T000642,T000919412,U000081,APP_LATENCY,RESOLVED,chappel,7/25/2022 22:00,8/8/2022 0:44
T000643,T000926994,U000051,BANK_REVERSAL,RESOLVED,gamg,8/15/2022 18:27,5/2/2022 6:19
T000644,T000368789,U000841,FAILED_TRANSACTION,RESOLVED,mixa,2/6/2022 15:02,4/18/2022 13:12
T000645,T000409922,U000897,MERCHANT_REVERSAL,RESOLVED,gamg,11/24/2022 21:26,5/16/2022 19:07
T000646,T000075863,U000835,MERCHANT_REVERSAL,RESOLVED,Alba,8/31/2022 23:17,8/29/2022 0:57
T000647,T000797252,U000648,BANK_REVERSAL,RESOLVED,Messi,2/28/2022 14:41,9/27/2022 9:35
T000648,T000118466,U000179,FAILED_TRANSACTION,RESOLVED,gamg,1/23/2022 17:02,2/12/2022 23:57
T000649,T000287144,U000971,APP_LATENCY,RESOLVED,gamg,2/22/2022 20:34,8/22/2022 10:25
T000650,T000715532,U000298,USER_ISSUE,RESOLVED,Alba,4/22/2022 9:29,2/17/2022 5:25
T000651,T000248796,U000809,MERCHANT_REVERSAL,OPEN,chappel,8/18/2022 21:15,infinity
T000652,T000229939,U000125,BANK_REVERSAL,RESOLVED,Rayleigh,9/17/2022 13:53,1/9/2022 17:18
T000653,T000109455,U000309,MERCHANT_REVERSAL,RESOLVED,Sasi,8/23/2022 13:35,2/22/2022 23:28
T000654,T000820203,U000982,USER_ISSUE,RESOLVED,pant,5/23/2022 4:59,5/25/2022 4:41
T000655,T000452606,U000870,FAILED_TRANSACTION,RESOLVED,pant,5/3/2022 2:57,11/19/2022 14:05
T000656,T000661080,U000650,FAILED_TRANSACTION,RESOLVED,mixa,2/17/2022 6:03,10/18/2022 16:00
T000657,T000854743,U000937,FAILED_TRANSACTION,RESOLVED,pant,1/23/2022 0:11,2/3/2022 12:29
T000658,T000964833,U000020,MERCHANT_REVERSAL,OPEN,mixa,5/20/2022 8:13,infinity
T000659,T000717965,U000698,FAILED_TRANSACTION,RESOLVED,pant,7/10/2022 2:52,8/9/2022 4:42
T000660,T000748751,U000543,FAILED_TRANSACTION,RESOLVED,Rayleigh,2/26/2022 8:00,11/12/2022 13:41
T000661,T000619084,U000499,APP_LATENCY,RESOLVED,Alba,1/31/2022 20:12,10/19/2022 1:54
T000662,T000316487,U000594,BANK_REVERSAL,RESOLVED,Rayleigh,10/21/2022 6:55,7/28/2022 16:09
T000663,T000847552,U000270,BANK_REVERSAL,RESOLVED,Ronaldo,9/7/2022 17:00,6/26/2022 16:24
T000664,T000135041,U000106,FAILED_TRANSACTION,RESOLVED,mixa,2/9/2022 23:35,5/23/2022 21:22
T000665,T000149015,U000840,MERCHANT_REVERSAL,RESOLVED,illi,11/23/2022 15:42,10/13/2022 6:44
T000666,T000948118,U000718,USER_ISSUE,RESOLVED,Alba,9/17/2022 17:20,4/14/2022 2:36
T000667,T000896310,U000112,APP_LATENCY,OPEN,Alba,8/19/2022 1:08,infinity
T000668,T000477395,U000530,MERCHANT_REVERSAL,RESOLVED,Sasi,10/23/2022 15:02,1/18/2022 13:23
T000669,T000402907,U000224,FAILED_TRANSACTION,RESOLVED,pant,8/18/2022 6:13,7/19/2022 14:01
T000670,T000710899,U000156,FAILED_TRANSACTION,RESOLVED,Krupa,4/19/2022 20:29,8/12/2022 16:40
T000671,T000453800,U000858,APP_LATENCY,RESOLVED,pant,10/22/2022 3:05,3/27/2022 1:36
T000672,T000496615,U000304,BANK_REVERSAL,RESOLVED,chappel,2/7/2022 1:40,7/24/2022 15:15
T000673,T000793379,U000474,FAILED_TRANSACTION,RESOLVED,Messi,10/24/2022 18:27,9/26/2022 8:47
T000674,T000060777,U000705,APP_LATENCY,RESOLVED,Ronaldo,10/29/2022 7:04,6/23/2022 22:21
T000675,T000681697,U000668,BANK_REVERSAL,RESOLVED,illi,1/10/2022 21:55,1/25/2022 3:01
T000676,T000761484,U000437,BANK_REVERSAL,RESOLVED,illi,2/20/2022 12:02,7/5/2022 22:52
T000677,T000986409,U000183,BANK_REVERSAL,RESOLVED,gamg,8/6/2022 2:17,2/18/2022 12:23
T000678,T000419820,U000750,APP_LATENCY,RESOLVED,Alba,1/14/2022 19:29,1/7/2022 23:10
T000679,T000698018,U000904,BANK_REVERSAL,RESOLVED,Ronaldo,6/18/2022 9:39,11/2/2022 10:23
T000680,T000018509,U000684,MERCHANT_REVERSAL,RESOLVED,gamg,8/1/2022 6:16,7/19/2022 2:31
T000681,T000557726,U000968,APP_LATENCY,RESOLVED,Ronaldo,4/27/2022 6:23,1/31/2022 18:05
T000682,T000315241,U000012,FAILED_TRANSACTION,RESOLVED,Sasi,2/14/2022 7:09,11/19/2022 9:46
T000683,T000359182,U000006,BANK_REVERSAL,RESOLVED,Messi,8/9/2022 8:14,6/26/2022 0:29
T000684,T000083695,U000649,MERCHANT_REVERSAL,RESOLVED,Sasi,8/3/2022 21:47,7/3/2022 21:09
T000685,T000604593,U000964,MERCHANT_REVERSAL,RESOLVED,Alba,9/14/2022 15:14,8/17/2022 4:49
T000686,T000616501,U000952,MERCHANT_REVERSAL,RESOLVED,Sati,8/17/2022 12:12,9/19/2022 7:06
T000687,T000819470,U000969,MERCHANT_REVERSAL,RESOLVED,chappel,9/23/2022 4:17,3/9/2022 15:47
T000688,T000549614,U000508,MERCHANT_REVERSAL,RESOLVED,Alba,9/30/2022 11:00,5/26/2022 10:38
T000689,T000232403,U000816,USER_ISSUE,RESOLVED,Krupa,2/25/2022 8:22,2/10/2022 18:58
T000690,T000527708,U000804,MERCHANT_REVERSAL,RESOLVED,gamg,11/7/2022 16:48,7/31/2022 21:30
T000691,T000546813,U000300,USER_ISSUE,RESOLVED,Krupa,1/30/2022 17:04,7/27/2022 2:36
T000692,T000707051,U000136,FAILED_TRANSACTION,RESOLVED,Messi,3/19/2022 0:44,4/15/2022 17:30
T000693,T000056170,U000232,BANK_REVERSAL,RESOLVED,illi,10/9/2022 5:52,5/13/2022 2:27
T000694,T000579586,U000099,BANK_REVERSAL,RESOLVED,Rayleigh,4/2/2022 22:21,8/22/2022 18:04
T000695,T000568210,U000514,BANK_REVERSAL,RESOLVED,Sasi,1/17/2022 0:29,10/25/2022 4:06
T000696,T000635016,U000702,FAILED_TRANSACTION,RESOLVED,Sati,10/27/2022 22:45,6/10/2022 12:25
T000697,T000087154,U000817,BANK_REVERSAL,RESOLVED,Krupa,2/18/2022 7:39,8/16/2022 8:36
T000698,T000804621,U000079,FAILED_TRANSACTION,RESOLVED,chappel,11/15/2022 23:38,10/17/2022 10:27
T000699,T000821164,U000086,BANK_REVERSAL,RESOLVED,Krupa,7/26/2022 19:50,3/1/2022 23:59
T000700,T000910467,U000334,BANK_REVERSAL,RESOLVED,Sati,6/25/2022 17:37,9/20/2022 5:22
T000701,T000777481,U000649,FAILED_TRANSACTION,RESOLVED,Ronaldo,10/25/2022 20:03,8/11/2022 4:17
T000702,T000020658,U000139,APP_LATENCY,RESOLVED,Alba,10/26/2022 13:25,5/2/2022 8:25
T000703,T000674362,U000735,BANK_REVERSAL,RESOLVED,Sati,2/9/2022 16:39,1/8/2022 13:19
T000704,T000658303,U000797,MERCHANT_REVERSAL,RESOLVED,mixa,7/25/2022 19:38,10/9/2022 11:55
T000705,T000853783,U000489,MERCHANT_REVERSAL,RESOLVED,pant,5/1/2022 1:40,4/19/2022 13:44
T000706,T000650925,U000982,BANK_REVERSAL,RESOLVED,Sati,3/13/2022 1:52,4/20/2022 23:27
T000707,T000014136,U000272,BANK_REVERSAL,RESOLVED,Messi,1/7/2022 16:05,8/6/2022 4:36
T000708,T000232842,U000647,FAILED_TRANSACTION,RESOLVED,chappel,11/1/2022 20:51,11/1/2022 7:22
T000709,T000671046,U000873,BANK_REVERSAL,RESOLVED,Messi,10/26/2022 14:30,11/5/2022 9:40
T000710,T000870152,U000647,BANK_REVERSAL,RESOLVED,Messi,3/6/2022 23:19,3/17/2022 20:49
T000711,T000233041,U000150,BANK_REVERSAL,RESOLVED,Rayleigh,6/21/2022 12:10,6/9/2022 12:24
T000712,T000469841,U000340,BANK_REVERSAL,RESOLVED,Alba,4/22/2022 12:56,7/1/2022 13:34
T000713,T000777048,U000648,APP_LATENCY,RESOLVED,chappel,5/9/2022 21:54,9/14/2022 1:01
T000714,T000976636,U000868,MERCHANT_REVERSAL,RESOLVED,chappel,1/25/2022 16:48,10/10/2022 2:04
T000715,T000851114,U000021,MERCHANT_REVERSAL,RESOLVED,Messi,11/23/2022 12:22,2/22/2022 9:05
T000716,T000567272,U000233,BANK_REVERSAL,OPEN,Krupa,2/28/2022 18:44,infinity
T000717,T000808929,U000449,BANK_REVERSAL,RESOLVED,gamg,2/24/2022 6:20,3/29/2022 2:01
T000718,T000161073,U000430,MERCHANT_REVERSAL,RESOLVED,Rayleigh,6/12/2022 17:43,7/29/2022 17:31
T000719,T000986944,U000295,BANK_REVERSAL,OPEN,Messi,1/9/2022 23:10,infinity
T000720,T000318810,U000185,BANK_REVERSAL,RESOLVED,Ronaldo,3/21/2022 18:10,5/8/2022 0:10
T000721,T000680713,U000160,MERCHANT_REVERSAL,RESOLVED,Messi,9/5/2022 11:17,9/6/2022 16:15
T000722,T000276417,U000835,MERCHANT_REVERSAL,RESOLVED,Messi,3/3/2022 23:35,3/7/2022 22:04
T000723,T000589205,U000028,BANK_REVERSAL,RESOLVED,illi,1/18/2022 3:27,10/13/2022 5:37
T000724,T000358006,U000336,USER_ISSUE,RESOLVED,Sasi,8/29/2022 20:53,11/1/2022 1:11
T000725,T000059882,U000195,USER_ISSUE,RESOLVED,Ronaldo,4/27/2022 5:58,8/2/2022 4:29
T000726,T000360759,U000620,BANK_REVERSAL,RESOLVED,illi,5/18/2022 18:33,4/21/2022 22:09
T000727,T000636776,U000415,APP_LATENCY,RESOLVED,chappel,11/1/2022 12:33,7/3/2022 22:42
T000728,T000421086,U000899,BANK_REVERSAL,RESOLVED,Krupa,5/16/2022 6:25,7/25/2022 0:53
T000729,T001044616,U000650,MERCHANT_REVERSAL,OPEN,Krupa,9/14/2022 2:45,infinity
T000730,T000307698,U000135,FAILED_TRANSACTION,RESOLVED,Ronaldo,7/1/2022 15:12,8/23/2022 5:04
T000731,T000233213,U000185,MERCHANT_REVERSAL,RESOLVED,pant,9/2/2022 8:39,10/8/2022 22:29
T000732,T000975888,U000780,FAILED_TRANSACTION,RESOLVED,Krupa,4/6/2022 5:18,6/29/2022 2:15
T000733,T000195669,U000485,MERCHANT_REVERSAL,RESOLVED,mixa,8/4/2022 4:44,5/20/2022 7:36
T000734,T000522903,U000827,APP_LATENCY,RESOLVED,chappel,4/3/2022 16:23,4/11/2022 2:21
T000735,T000598962,U000768,FAILED_TRANSACTION,RESOLVED,chappel,9/2/2022 19:35,8/26/2022 7:26
T000736,T000275122,U000529,FAILED_TRANSACTION,RESOLVED,gamg,5/19/2022 18:17,5/10/2022 6:27
T000737,T000876591,U000498,MERCHANT_REVERSAL,RESOLVED,Messi,4/19/2022 23:30,7/19/2022 6:40
T000738,T000786363,U000510,FAILED_TRANSACTION,RESOLVED,Krupa,5/22/2022 17:58,9/25/2022 5:41
T000739,T000822786,U000021,BANK_REVERSAL,RESOLVED,Alba,2/26/2022 8:11,4/13/2022 1:23
T000740,T000796795,U000320,MERCHANT_REVERSAL,RESOLVED,Sati,6/3/2022 10:53,5/1/2022 4:00
T000741,T000872463,U000579,MERCHANT_REVERSAL,RESOLVED,pant,10/20/2022 18:18,8/8/2022 6:33
T000742,T000108860,U000267,BANK_REVERSAL,RESOLVED,Rayleigh,10/6/2022 14:58,9/17/2022 13:19
T000743,T000814658,U000551,FAILED_TRANSACTION,RESOLVED,chappel,8/18/2022 10:31,1/3/2022 9:02
T000744,T000472094,U000251,FAILED_TRANSACTION,RESOLVED,gamg,6/3/2022 6:17,1/25/2022 17:20
T000745,T000493201,U000623,APP_LATENCY,RESOLVED,illi,5/3/2022 8:27,11/3/2022 2:44
T000746,T000034399,U000219,APP_LATENCY,RESOLVED,pant,5/24/2022 6:13,7/19/2022 8:16
T000747,T000133214,U000142,USER_ISSUE,RESOLVED,Krupa,11/17/2022 18:01,4/16/2022 19:28
T000748,T000097475,U000552,MERCHANT_REVERSAL,RESOLVED,illi,10/1/2022 1:06,5/18/2022 6:26
T000749,T000216397,U000739,FAILED_TRANSACTION,RESOLVED,Krupa,8/24/2022 2:08,2/6/2022 19:10
T000750,T001001650,U000661,BANK_REVERSAL,RESOLVED,chappel,8/17/2022 23:32,10/21/2022 9:50
T000751,T000896216,U000592,BANK_REVERSAL,RESOLVED,Ronaldo,8/11/2022 6:41,11/17/2022 6:08
T000752,T000500629,U000991,FAILED_TRANSACTION,RESOLVED,Sasi,2/21/2022 15:46,3/31/2022 4:57
T000753,T000967488,U000040,MERCHANT_REVERSAL,RESOLVED,gamg,8/2/2022 1:37,11/16/2022 4:24
T000754,T000415558,U000966,MERCHANT_REVERSAL,RESOLVED,Ronaldo,5/3/2022 0:27,1/17/2022 17:58
T000755,T001038112,U000389,BANK_REVERSAL,RESOLVED,Sasi,3/7/2022 0:10,3/3/2022 17:09
T000756,T000106774,U000948,FAILED_TRANSACTION,RESOLVED,mixa,3/10/2022 19:21,8/31/2022 16:43
T000757,T000180032,U000040,MERCHANT_REVERSAL,RESOLVED,Krupa,8/4/2022 10:00,5/20/2022 3:04
T000758,T000189303,U000770,BANK_REVERSAL,RESOLVED,Alba,7/13/2022 22:41,2/18/2022 4:13
T000759,T000568948,U000151,BANK_REVERSAL,RESOLVED,Alba,8/10/2022 7:46,9/6/2022 2:12
T000760,T000080201,U000827,FAILED_TRANSACTION,RESOLVED,Sasi,6/25/2022 4:54,6/28/2022 21:39
T000761,T000223292,U000058,BANK_REVERSAL,OPEN,Rayleigh,8/31/2022 12:29,infinity
T000762,T000600741,U000361,BANK_REVERSAL,RESOLVED,illi,9/28/2022 4:25,5/30/2022 12:57
T000763,T000694355,U000991,MERCHANT_REVERSAL,RESOLVED,Messi,8/9/2022 6:07,5/20/2022 11:24
T000764,T000417794,U000223,BANK_REVERSAL,RESOLVED,Rayleigh,10/25/2022 5:47,11/4/2022 12:54
T000765,T000446877,U000852,FAILED_TRANSACTION,RESOLVED,gamg,1/23/2022 0:36,4/30/2022 1:32
T000766,T000961890,U000361,MERCHANT_REVERSAL,RESOLVED,chappel,5/13/2022 22:13,11/13/2022 9:05
T000767,T000844901,U000223,MERCHANT_REVERSAL,OPEN,Rayleigh,6/19/2022 14:53,infinity
T000768,T000143576,U000477,BANK_REVERSAL,RESOLVED,Rayleigh,9/7/2022 21:01,5/11/2022 17:09
T000769,T000496918,U000732,MERCHANT_REVERSAL,RESOLVED,Sati,9/2/2022 16:43,7/17/2022 6:10
T000770,T000881232,U000018,BANK_REVERSAL,RESOLVED,Krupa,2/20/2022 20:47,10/19/2022 14:47
T000771,T000343630,U000098,MERCHANT_REVERSAL,RESOLVED,mixa,3/20/2022 7:17,6/4/2022 6:29
T000772,T000614159,U000260,MERCHANT_REVERSAL,RESOLVED,Ronaldo,11/3/2022 6:21,4/27/2022 3:11
T000773,T000232417,U000007,MERCHANT_REVERSAL,RESOLVED,illi,1/19/2022 6:06,1/20/2022 6:18
T000774,T000608162,U000775,USER_ISSUE,RESOLVED,gamg,6/23/2022 13:05,9/1/2022 20:45
T000775,T000873804,U000622,FAILED_TRANSACTION,RESOLVED,Sati,1/25/2022 10:38,7/13/2022 18:43
T000776,T000412717,U000320,BANK_REVERSAL,RESOLVED,Ronaldo,4/17/2022 18:34,9/6/2022 23:15
T000777,T000552508,U000281,BANK_REVERSAL,RESOLVED,Sasi,4/21/2022 3:29,10/26/2022 2:21
T000778,T000214103,U000410,FAILED_TRANSACTION,RESOLVED,gamg,5/22/2022 8:46,1/4/2022 17:05
T000779,T000422672,U000708,BANK_REVERSAL,RESOLVED,Sasi,10/11/2022 13:28,3/29/2022 1:45
T000780,T000821983,U000792,MERCHANT_REVERSAL,RESOLVED,Sasi,6/20/2022 8:00,7/2/2022 5:34
T000781,T000265744,U000616,FAILED_TRANSACTION,RESOLVED,Messi,9/8/2022 13:11,5/18/2022 23:17
T000782,T000659460,U000959,USER_ISSUE,RESOLVED,Sati,5/2/2022 19:45,8/1/2022 20:36
T000783,T000600048,U000815,FAILED_TRANSACTION,RESOLVED,gamg,11/20/2022 15:35,10/14/2022 6:49
T000784,T000509195,U000944,FAILED_TRANSACTION,RESOLVED,chappel,8/28/2022 1:00,11/13/2022 13:41
T000785,T000547486,U000238,BANK_REVERSAL,RESOLVED,illi,9/1/2022 2:08,5/10/2022 18:57
T000786,T000509385,U000418,BANK_REVERSAL,RESOLVED,Krupa,9/8/2022 22:37,9/15/2022 10:42
T000787,T000178617,U000784,USER_ISSUE,RESOLVED,Rayleigh,10/25/2022 11:10,4/8/2022 12:27
T000788,T000387510,U000349,FAILED_TRANSACTION,RESOLVED,Rayleigh,1/17/2022 21:30,9/6/2022 9:39
T000789,T000808349,U000036,FAILED_TRANSACTION,RESOLVED,Ronaldo,7/15/2022 15:41,6/28/2022 11:16
T000790,T000504497,U000775,MERCHANT_REVERSAL,RESOLVED,Sati,10/1/2022 19:13,7/21/2022 22:28
T000791,T001012585,U000461,USER_ISSUE,RESOLVED,Sasi,5/15/2022 11:02,2/22/2022 14:32
T000792,T000334950,U000079,FAILED_TRANSACTION,RESOLVED,Ronaldo,10/6/2022 6:45,2/27/2022 9:08
T000793,T000306659,U000132,FAILED_TRANSACTION,RESOLVED,Alba,7/6/2022 16:49,3/25/2022 3:45
T000794,T000823289,U000046,BANK_REVERSAL,RESOLVED,gamg,4/17/2022 20:50,5/26/2022 22:13
T000795,T000496023,U000133,BANK_REVERSAL,RESOLVED,Alba,8/11/2022 4:32,9/11/2022 17:35
T000796,T000172121,U000675,FAILED_TRANSACTION,RESOLVED,illi,8/2/2022 21:41,3/22/2022 17:33
T000797,T000664030,U000259,MERCHANT_REVERSAL,RESOLVED,illi,9/7/2022 8:15,2/24/2022 4:19
T000798,T000369208,U000255,FAILED_TRANSACTION,RESOLVED,chappel,2/28/2022 10:05,6/14/2022 22:57
T000799,T001014293,U000186,BANK_REVERSAL,RESOLVED,illi,4/27/2022 12:55,4/2/2022 18:20
T000800,T000771781,U000208,MERCHANT_REVERSAL,RESOLVED,Sasi,3/9/2022 16:14,5/1/2022 6:27
T000801,T000904273,U000511,MERCHANT_REVERSAL,RESOLVED,Sasi,3/8/2022 10:39,11/9/2022 3:41
T000802,T000002264,U000655,FAILED_TRANSACTION,RESOLVED,chappel,4/26/2022 23:18,4/26/2022 22:19
T000803,T000031467,U000430,MERCHANT_REVERSAL,RESOLVED,gamg,3/6/2022 5:03,4/24/2022 22:48
T000804,T000831630,U000832,MERCHANT_REVERSAL,RESOLVED,mixa,3/21/2022 19:31,9/3/2022 20:59
T000805,T000040448,U000861,MERCHANT_REVERSAL,RESOLVED,Krupa,10/26/2022 15:00,7/22/2022 18:11
T000806,T000004625,U000432,FAILED_TRANSACTION,RESOLVED,chappel,8/13/2022 9:29,9/25/2022 12:18
T000807,T000098465,U000861,FAILED_TRANSACTION,RESOLVED,illi,10/3/2022 6:52,5/26/2022 4:39
T000808,T000611695,U000113,FAILED_TRANSACTION,RESOLVED,Alba,1/7/2022 19:07,10/4/2022 6:48
T000809,T000134319,U000485,APP_LATENCY,RESOLVED,Sati,5/21/2022 7:12,9/4/2022 18:39
T000810,T000014712,U000627,FAILED_TRANSACTION,RESOLVED,Alba,6/7/2022 15:25,8/31/2022 15:33
T000811,T000676650,U000940,MERCHANT_REVERSAL,RESOLVED,Rayleigh,5/11/2022 8:27,1/23/2022 13:41
T000812,T000492595,U000385,FAILED_TRANSACTION,OPEN,Krupa,5/1/2022 9:40,infinity
T000813,T000615663,U000666,BANK_REVERSAL,RESOLVED,mixa,10/31/2022 22:57,4/18/2022 7:47
T000814,T000136246,U000677,USER_ISSUE,RESOLVED,pant,1/7/2022 0:16,6/15/2022 22:06
T000815,T000793510,U000838,MERCHANT_REVERSAL,RESOLVED,Messi,8/1/2022 3:19,2/15/2022 21:41
T000816,T000125194,U000414,FAILED_TRANSACTION,RESOLVED,chappel,10/9/2022 5:07,3/9/2022 7:59
T000817,T000355342,U000482,USER_ISSUE,RESOLVED,Messi,2/1/2022 7:06,5/23/2022 18:36
T000818,T000163158,U000984,BANK_REVERSAL,RESOLVED,Alba,5/15/2022 21:45,7/17/2022 20:25
T000819,T000680550,U000668,FAILED_TRANSACTION,RESOLVED,mixa,1/5/2022 18:45,1/16/2022 23:22
T000820,T000106922,U000758,MERCHANT_REVERSAL,RESOLVED,Rayleigh,3/15/2022 1:14,10/21/2022 20:41
T000821,T000420760,U000349,FAILED_TRANSACTION,RESOLVED,Krupa,11/16/2022 0:47,6/5/2022 10:53
T000822,T000399840,U000042,BANK_REVERSAL,RESOLVED,Krupa,5/25/2022 4:51,2/7/2022 23:35
T000823,T000262684,U000702,MERCHANT_REVERSAL,RESOLVED,chappel,1/12/2022 3:40,11/22/2022 2:55
T000824,T000080093,U000417,MERCHANT_REVERSAL,RESOLVED,Sasi,9/2/2022 16:40,10/27/2022 15:34
T000825,T000409839,U000426,FAILED_TRANSACTION,RESOLVED,Krupa,8/28/2022 4:10,8/22/2022 0:10
T000826,T000829624,U000279,BANK_REVERSAL,RESOLVED,pant,1/2/2022 6:37,5/3/2022 22:41
T000827,T000480695,U000478,FAILED_TRANSACTION,OPEN,Messi,6/20/2022 4:51,infinity
T000828,T000458881,U000304,FAILED_TRANSACTION,RESOLVED,gamg,5/12/2022 20:07,7/27/2022 19:07
T000829,T000587938,U000327,USER_ISSUE,RESOLVED,illi,10/16/2022 15:13,7/18/2022 23:41
T000830,T000182449,U000755,USER_ISSUE,RESOLVED,Sasi,6/14/2022 6:16,8/12/2022 10:41
T000831,T000146973,U000627,FAILED_TRANSACTION,RESOLVED,mixa,8/20/2022 10:50,11/7/2022 0:14
T000832,T000390794,U000087,MERCHANT_REVERSAL,RESOLVED,mixa,10/21/2022 16:38,8/8/2022 17:06
T000833,T000496916,U000663,MERCHANT_REVERSAL,RESOLVED,chappel,3/26/2022 12:17,1/14/2022 18:59
T000834,T000035552,U000210,MERCHANT_REVERSAL,RESOLVED,Messi,8/26/2022 9:56,9/18/2022 17:13
T000835,T000063565,U000152,BANK_REVERSAL,RESOLVED,gamg,11/24/2022 14:35,2/28/2022 22:56
T000836,T000081625,U000303,BANK_REVERSAL,RESOLVED,illi,8/6/2022 21:45,1/15/2022 4:17
T000837,T000989703,U000678,FAILED_TRANSACTION,RESOLVED,gamg,11/15/2022 7:18,5/10/2022 19:22
T000838,T000589883,U000209,FAILED_TRANSACTION,RESOLVED,Sasi,2/8/2022 18:37,1/9/2022 20:10
T000839,T000310905,U000873,BANK_REVERSAL,OPEN,Ronaldo,5/22/2022 0:37,infinity
T000840,T000277930,U000497,FAILED_TRANSACTION,RESOLVED,Rayleigh,8/8/2022 22:54,6/13/2022 22:46
T000841,T000493705,U000981,FAILED_TRANSACTION,RESOLVED,Sasi,6/21/2022 3:37,5/8/2022 10:42
T000842,T000673736,U000615,FAILED_TRANSACTION,RESOLVED,Ronaldo,11/10/2022 7:49,5/22/2022 7:53
T000843,T000231899,U000077,BANK_REVERSAL,RESOLVED,illi,6/30/2022 11:14,10/29/2022 17:39
T000844,T000443623,U000843,MERCHANT_REVERSAL,RESOLVED,Sati,1/29/2022 12:15,5/13/2022 0:05
T000845,T000117021,U000733,FAILED_TRANSACTION,RESOLVED,Rayleigh,9/12/2022 9:39,3/25/2022 0:23
T000846,T000881681,U000859,FAILED_TRANSACTION,RESOLVED,mixa,1/25/2022 11:49,3/17/2022 19:55
T000847,T000253994,U000381,FAILED_TRANSACTION,RESOLVED,Sati,3/27/2022 14:05,11/20/2022 19:51
T000848,T000303885,U000920,APP_LATENCY,RESOLVED,mixa,2/18/2022 18:41,9/20/2022 0:11
T000849,T000788980,U000177,BANK_REVERSAL,OPEN,Rayleigh,2/4/2022 23:27,infinity
T000850,T000993805,U000296,FAILED_TRANSACTION,RESOLVED,gamg,9/30/2022 8:41,10/22/2022 4:18
T000851,T000586076,U000397,FAILED_TRANSACTION,RESOLVED,Ronaldo,6/11/2022 3:13,8/4/2022 1:58
T000852,T000020163,U000520,FAILED_TRANSACTION,RESOLVED,Sasi,4/30/2022 9:39,3/9/2022 19:03
T000853,T001046539,U000105,APP_LATENCY,RESOLVED,Sasi,7/24/2022 20:50,1/22/2022 8:01
T000854,T000704367,U000452,FAILED_TRANSACTION,RESOLVED,Sasi,7/3/2022 21:50,6/24/2022 9:49
T000855,T000861888,U000323,FAILED_TRANSACTION,RESOLVED,gamg,6/14/2022 17:36,7/11/2022 19:47
T000856,T000872796,U000813,USER_ISSUE,RESOLVED,gamg,9/14/2022 22:27,10/1/2022 4:57
T000857,T000480299,U000485,BANK_REVERSAL,RESOLVED,chappel,11/9/2022 20:50,8/5/2022 0:47
T000858,T000131806,U000874,FAILED_TRANSACTION,RESOLVED,mixa,8/11/2022 0:47,11/12/2022 8:17
T000859,T000147537,U000298,FAILED_TRANSACTION,RESOLVED,gamg,10/27/2022 8:28,3/20/2022 18:12
T000860,T000875333,U000777,USER_ISSUE,RESOLVED,Sasi,1/13/2022 11:31,4/16/2022 7:54
T000861,T001017014,U000163,FAILED_TRANSACTION,RESOLVED,Messi,11/22/2022 9:46,7/12/2022 2:34
T000862,T000310390,U000296,MERCHANT_REVERSAL,RESOLVED,Sati,9/15/2022 17:45,7/14/2022 11:23
T000863,T001042395,U000397,MERCHANT_REVERSAL,RESOLVED,Rayleigh,5/24/2022 13:35,5/10/2022 11:50
T000864,T000971778,U000795,MERCHANT_REVERSAL,RESOLVED,pant,2/4/2022 9:43,6/19/2022 5:58
T000865,T000439312,U000388,BANK_REVERSAL,RESOLVED,Alba,7/2/2022 8:14,7/18/2022 2:59
T000866,T000337080,U000951,MERCHANT_REVERSAL,RESOLVED,chappel,4/15/2022 7:53,9/17/2022 6:37
T000867,T000942742,U000294,FAILED_TRANSACTION,RESOLVED,gamg,9/29/2022 20:40,5/18/2022 11:32
T000868,T000556690,U000992,MERCHANT_REVERSAL,RESOLVED,gamg,2/25/2022 21:46,6/13/2022 21:53
T000869,T000528260,U000069,BANK_REVERSAL,RESOLVED,Sati,10/9/2022 3:55,4/24/2022 12:03
T000870,T000974235,U000498,MERCHANT_REVERSAL,RESOLVED,illi,10/24/2022 1:21,6/15/2022 14:00
T000871,T000754973,U000446,APP_LATENCY,RESOLVED,gamg,1/2/2022 5:17,11/13/2022 17:10
T000872,T000421519,U000763,BANK_REVERSAL,RESOLVED,Ronaldo,10/29/2022 23:52,7/3/2022 20:59
T000873,T000716512,U000138,BANK_REVERSAL,RESOLVED,illi,4/17/2022 5:09,5/17/2022 7:16
T000874,T000379063,U000709,BANK_REVERSAL,RESOLVED,Sati,7/11/2022 16:48,5/17/2022 14:23
T000875,T000486931,U000700,MERCHANT_REVERSAL,RESOLVED,mixa,9/14/2022 6:06,11/6/2022 1:18
T000876,T000328993,U000248,BANK_REVERSAL,RESOLVED,chappel,4/23/2022 20:10,8/17/2022 21:25
T000877,T000528176,U000900,BANK_REVERSAL,RESOLVED,Sati,1/13/2022 15:43,2/23/2022 17:55
T000878,T000934917,U000013,FAILED_TRANSACTION,OPEN,Krupa,8/23/2022 13:14,infinity
T000879,T000572663,U000651,BANK_REVERSAL,RESOLVED,Rayleigh,11/12/2022 12:38,7/13/2022 8:37
T000880,T000871580,U000152,BANK_REVERSAL,RESOLVED,gamg,2/28/2022 20:54,3/9/2022 1:43
T000881,T000395479,U000867,FAILED_TRANSACTION,RESOLVED,Sati,1/10/2022 21:24,3/22/2022 13:36
T000882,T000733490,U000736,BANK_REVERSAL,RESOLVED,chappel,5/21/2022 10:38,1/15/2022 5:04
T000883,T000105946,U000555,MERCHANT_REVERSAL,RESOLVED,Sati,10/15/2022 22:52,7/25/2022 16:31
T000884,T000002043,U000149,BANK_REVERSAL,RESOLVED,Sati,9/10/2022 16:01,5/13/2022 14:42
T000885,T000691837,U000280,BANK_REVERSAL,OPEN,gamg,4/23/2022 23:04,infinity
T000886,T000354119,U000344,BANK_REVERSAL,RESOLVED,Alba,7/7/2022 0:42,8/29/2022 9:02
T000887,T000588589,U000570,USER_ISSUE,RESOLVED,gamg,7/29/2022 22:14,7/20/2022 12:09
T000888,T000026937,U000873,BANK_REVERSAL,RESOLVED,pant,11/6/2022 14:41,9/17/2022 14:47
T000889,T000281858,U000819,BANK_REVERSAL,RESOLVED,Krupa,3/11/2022 8:39,4/15/2022 13:50
T000890,T000484667,U000408,FAILED_TRANSACTION,RESOLVED,Sasi,5/31/2022 2:29,7/24/2022 3:43
T000891,T001007055,U000819,APP_LATENCY,RESOLVED,illi,8/6/2022 9:19,4/18/2022 18:02
T000892,T000218154,U000887,BANK_REVERSAL,OPEN,mixa,10/7/2022 21:14,infinity
T000893,T000969822,U000224,BANK_REVERSAL,RESOLVED,illi,6/16/2022 21:51,1/27/2022 9:01
T000894,T000704498,U000092,FAILED_TRANSACTION,OPEN,gamg,5/28/2022 19:37,infinity
T000895,T000032133,U000450,MERCHANT_REVERSAL,RESOLVED,gamg,11/9/2022 4:10,9/3/2022 17:02
T000896,T000376076,U000845,FAILED_TRANSACTION,RESOLVED,Alba,1/8/2022 20:42,6/24/2022 2:51
T000897,T000540062,U000716,BANK_REVERSAL,OPEN,chappel,7/2/2022 23:10,infinity
T000898,T000700058,U000666,USER_ISSUE,RESOLVED,chappel,6/11/2022 6:47,11/2/2022 18:21
T000899,T000316243,U000337,BANK_REVERSAL,RESOLVED,Rayleigh,9/2/2022 0:59,11/3/2022 22:45
T000900,T000987689,U000798,FAILED_TRANSACTION,RESOLVED,Sasi,5/26/2022 5:28,9/9/2022 10:30
T000901,T000908794,U000528,FAILED_TRANSACTION,RESOLVED,Ronaldo,9/30/2022 0:47,3/27/2022 8:48
T000902,T000679130,U000399,APP_LATENCY,OPEN,Rayleigh,6/10/2022 11:11,infinity
T000903,T000824128,U000670,BANK_REVERSAL,RESOLVED,chappel,8/26/2022 15:14,10/19/2022 20:44
T000904,T001022001,U000528,MERCHANT_REVERSAL,RESOLVED,Sasi,10/21/2022 12:19,6/21/2022 15:34
T000905,T000939318,U000190,FAILED_TRANSACTION,RESOLVED,Rayleigh,11/6/2022 1:34,2/26/2022 10:10
T000906,T000756519,U000273,FAILED_TRANSACTION,RESOLVED,chappel,4/24/2022 2:22,8/28/2022 20:20
T000907,T000218961,U000784,USER_ISSUE,RESOLVED,gamg,1/2/2022 8:55,5/5/2022 22:04
T000908,T000088846,U000788,USER_ISSUE,RESOLVED,Ronaldo,10/31/2022 15:56,5/20/2022 16:56
T000909,T000996332,U000482,APP_LATENCY,RESOLVED,mixa,1/6/2022 2:44,6/28/2022 17:57
T000910,T000960899,U000033,MERCHANT_REVERSAL,RESOLVED,chappel,10/23/2022 10:52,1/7/2022 0:15
T000911,T000721348,U000039,BANK_REVERSAL,RESOLVED,mixa,11/11/2022 2:11,11/25/2022 10:10
T000912,T000280221,U000055,BANK_REVERSAL,RESOLVED,Ronaldo,4/26/2022 3:11,5/13/2022 13:39
T000913,T000381010,U000702,BANK_REVERSAL,RESOLVED,mixa,8/8/2022 14:12,3/6/2022 3:04
T000914,T000078969,U000177,MERCHANT_REVERSAL,RESOLVED,gamg,7/6/2022 2:14,9/30/2022 23:34
T000915,T000207828,U000168,FAILED_TRANSACTION,RESOLVED,chappel,2/14/2022 23:08,5/24/2022 22:25
T000916,T000011701,U000367,FAILED_TRANSACTION,RESOLVED,Sati,3/14/2022 22:38,7/1/2022 23:12
T000917,T000747266,U000802,MERCHANT_REVERSAL,RESOLVED,Messi,4/6/2022 20:33,7/23/2022 1:09
T000918,T000066307,U000127,FAILED_TRANSACTION,RESOLVED,Ronaldo,3/26/2022 16:52,11/10/2022 15:49
T000919,T000239917,U000936,FAILED_TRANSACTION,RESOLVED,Rayleigh,7/9/2022 4:09,6/13/2022 0:28
T000920,T000850899,U000791,USER_ISSUE,RESOLVED,pant,7/21/2022 1:52,11/5/2022 8:30
T000921,T000919055,U000055,FAILED_TRANSACTION,RESOLVED,Krupa,5/14/2022 5:05,3/12/2022 2:03
T000922,T000837567,U000579,FAILED_TRANSACTION,RESOLVED,Alba,2/9/2022 9:07,4/12/2022 1:02
T000923,T000652656,U000173,FAILED_TRANSACTION,RESOLVED,Krupa,5/17/2022 15:55,6/6/2022 23:23
T000924,T000689302,U000355,BANK_REVERSAL,RESOLVED,mixa,10/4/2022 9:40,2/23/2022 13:11
T000925,T000637695,U000800,FAILED_TRANSACTION,RESOLVED,Ronaldo,3/22/2022 6:33,8/30/2022 7:53
T000926,T000551489,U000389,BANK_REVERSAL,RESOLVED,illi,10/6/2022 22:02,2/18/2022 3:49
T000927,T000634321,U000990,BANK_REVERSAL,RESOLVED,Rayleigh,7/3/2022 19:40,11/23/2022 3:31
T000928,T000191086,U000845,FAILED_TRANSACTION,RESOLVED,chappel,4/27/2022 20:49,10/24/2022 18:32
T000929,T000313509,U000131,BANK_REVERSAL,RESOLVED,Sasi,7/12/2022 14:22,7/6/2022 11:34
T000930,T000442945,U000457,FAILED_TRANSACTION,RESOLVED,chappel,11/1/2022 13:15,4/1/2022 20:42
T000931,T000916288,U000535,APP_LATENCY,RESOLVED,Sasi,8/12/2022 16:13,11/16/2022 21:03
T000932,T000028488,U000292,BANK_REVERSAL,RESOLVED,Ronaldo,9/9/2022 12:12,11/24/2022 8:36
T000933,T000775412,U000224,APP_LATENCY,RESOLVED,Ronaldo,8/25/2022 8:45,2/21/2022 0:43
T000934,T000250160,U000771,APP_LATENCY,RESOLVED,Rayleigh,6/17/2022 20:51,4/11/2022 13:12
T000935,T000046096,U000381,BANK_REVERSAL,RESOLVED,pant,10/20/2022 4:20,1/10/2022 6:24
T000936,T000950237,U000365,MERCHANT_REVERSAL,OPEN,Ronaldo,7/18/2022 10:02,infinity
T000937,T000962996,U000180,MERCHANT_REVERSAL,RESOLVED,pant,2/19/2022 20:02,10/31/2022 9:05
T000938,T001030715,U000294,MERCHANT_REVERSAL,RESOLVED,Sasi,6/27/2022 4:12,3/12/2022 10:05
T000939,T000161601,U000507,FAILED_TRANSACTION,RESOLVED,illi,2/7/2022 7:58,1/5/2022 20:19
T000940,T000425025,U000554,FAILED_TRANSACTION,RESOLVED,Sati,9/22/2022 18:40,3/10/2022 12:06
T000941,T000990963,U000553,FAILED_TRANSACTION,RESOLVED,Sati,3/6/2022 9:21,7/25/2022 14:36
T000942,T000272568,U000768,BANK_REVERSAL,RESOLVED,Krupa,11/13/2022 0:16,1/13/2022 3:49
T000943,T000423885,U000976,FAILED_TRANSACTION,RESOLVED,Sati,11/3/2022 17:36,10/10/2022 0:58
T000944,T000798625,U000481,MERCHANT_REVERSAL,RESOLVED,mixa,10/9/2022 5:55,11/2/2022 19:50
T000945,T000355929,U000952,MERCHANT_REVERSAL,RESOLVED,Ronaldo,6/2/2022 17:38,5/8/2022 13:20
T000946,T000629810,U000555,FAILED_TRANSACTION,RESOLVED,Alba,10/5/2022 9:10,4/13/2022 12:43
T000947,T000529774,U000220,BANK_REVERSAL,RESOLVED,Krupa,1/13/2022 22:25,4/18/2022 5:49
T000948,T000565974,U000019,BANK_REVERSAL,RESOLVED,mixa,10/25/2022 17:02,5/23/2022 2:21
T000949,T000601024,U000294,BANK_REVERSAL,RESOLVED,mixa,7/30/2022 10:53,7/22/2022 12:25
T000950,T000448400,U000313,MERCHANT_REVERSAL,RESOLVED,Rayleigh,2/18/2022 1:17,11/25/2022 4:17
T000951,T000730676,U000528,FAILED_TRANSACTION,RESOLVED,Sati,5/20/2022 7:31,1/1/2022 23:26
T000952,T000904566,U000251,MERCHANT_REVERSAL,RESOLVED,Alba,10/8/2022 3:34,2/11/2022 17:12
T000953,T000775047,U000143,BANK_REVERSAL,RESOLVED,pant,11/17/2022 15:18,4/29/2022 13:36
T000954,T000847121,U000728,BANK_REVERSAL,RESOLVED,Ronaldo,2/14/2022 21:05,8/25/2022 12:56
T000955,T000632296,U000508,MERCHANT_REVERSAL,RESOLVED,illi,6/18/2022 18:19,8/7/2022 13:49
T000956,T000703799,U000093,BANK_REVERSAL,RESOLVED,Sasi,2/17/2022 15:59,1/26/2022 4:05
T000957,T000537133,U000923,FAILED_TRANSACTION,RESOLVED,Krupa,6/27/2022 4:08,6/13/2022 13:34
T000958,T000086149,U000168,FAILED_TRANSACTION,RESOLVED,mixa,4/20/2022 9:34,2/19/2022 13:40
T000959,T000888349,U000877,APP_LATENCY,RESOLVED,Rayleigh,9/9/2022 1:57,5/6/2022 13:13
T000960,T000207989,U000480,FAILED_TRANSACTION,RESOLVED,Ronaldo,5/25/2022 19:16,4/16/2022 11:04
T000961,T000103452,U000718,MERCHANT_REVERSAL,RESOLVED,Rayleigh,7/15/2022 0:12,11/15/2022 7:56
T000962,T000901752,U000896,FAILED_TRANSACTION,RESOLVED,pant,3/30/2022 13:48,10/3/2022 15:07
T000963,T000754415,U000061,BANK_REVERSAL,RESOLVED,chappel,5/6/2022 6:24,5/27/2022 20:47
T000964,T000969549,U000250,APP_LATENCY,RESOLVED,Krupa,1/24/2022 3:52,2/16/2022 10:00
T000965,T000344718,U000769,FAILED_TRANSACTION,RESOLVED,Krupa,6/19/2022 14:36,8/18/2022 2:25
T000966,T000725112,U000865,FAILED_TRANSACTION,RESOLVED,Alba,5/17/2022 5:26,8/4/2022 12:27
T000967,T000805519,U000407,USER_ISSUE,RESOLVED,illi,8/17/2022 2:23,9/12/2022 4:20
T000968,T000506681,U000700,FAILED_TRANSACTION,RESOLVED,Messi,7/11/2022 22:22,3/17/2022 0:24
T000969,T000565415,U000826,FAILED_TRANSACTION,OPEN,Sati,10/29/2022 22:15,infinity
T000970,T000316199,U000681,FAILED_TRANSACTION,RESOLVED,Ronaldo,7/31/2022 13:40,4/15/2022 20:04
T000971,T000702535,U000164,MERCHANT_REVERSAL,RESOLVED,pant,6/12/2022 10:30,3/21/2022 6:32
T000972,T000121245,U000276,FAILED_TRANSACTION,OPEN,Messi,9/27/2022 8:01,infinity
T000973,T000818707,U000308,BANK_REVERSAL,RESOLVED,pant,3/6/2022 15:12,9/6/2022 12:45
T000974,T000412413,U000289,FAILED_TRANSACTION,RESOLVED,gamg,10/19/2022 18:13,3/14/2022 21:05
T000975,T000901454,U000502,BANK_REVERSAL,OPEN,gamg,6/14/2022 2:01,infinity
T000976,T000496099,U000227,BANK_REVERSAL,RESOLVED,Sati,1/12/2022 18:26,10/19/2022 11:41
T000977,T000185930,U000917,FAILED_TRANSACTION,RESOLVED,Rayleigh,6/14/2022 20:40,8/21/2022 0:44
T000978,T000822404,U000241,MERCHANT_REVERSAL,OPEN,gamg,11/5/2022 14:49,infinity
T000979,T000509705,U000901,FAILED_TRANSACTION,RESOLVED,Alba,10/23/2022 8:58,5/7/2022 20:40
T000980,T000099459,U000299,FAILED_TRANSACTION,RESOLVED,Krupa,8/9/2022 23:30,8/20/2022 17:16
T000981,T000894860,U000036,BANK_REVERSAL,RESOLVED,Messi,1/26/2022 0:11,2/27/2022 2:47
T000982,T000821883,U000640,FAILED_TRANSACTION,RESOLVED,Rayleigh,7/10/2022 17:00,6/12/2022 7:26
T000983,T000337086,U000242,FAILED_TRANSACTION,OPEN,Rayleigh,3/16/2022 15:36,infinity
T000984,T000268069,U000557,MERCHANT_REVERSAL,RESOLVED,Sati,3/12/2022 23:34,6/19/2022 15:01
T000985,T000624591,U000642,MERCHANT_REVERSAL,RESOLVED,Ronaldo,2/22/2022 15:43,9/13/2022 15:19
T000986,T000383099,U000231,MERCHANT_REVERSAL,RESOLVED,Alba,4/8/2022 3:57,8/4/2022 18:52
T000987,T000454519,U000698,APP_LATENCY,RESOLVED,Ronaldo,6/22/2022 14:35,5/20/2022 14:52
T000988,T000528391,U000740,BANK_REVERSAL,RESOLVED,pant,2/9/2022 3:27,7/30/2022 23:58
T000989,T000293100,U000687,APP_LATENCY,RESOLVED,Rayleigh,6/25/2022 1:01,11/17/2022 12:31
T000990,T000020828,U000568,BANK_REVERSAL,RESOLVED,gamg,8/25/2022 0:30,8/2/2022 12:49
T000991,T000193214,U000425,FAILED_TRANSACTION,RESOLVED,Krupa,9/8/2022 0:10,9/1/2022 7:54
T000992,T000723812,U000108,BANK_REVERSAL,OPEN,Ronaldo,11/14/2022 4:39,infinity
T000993,T000863901,U000276,FAILED_TRANSACTION,RESOLVED,mixa,8/9/2022 6:07,5/25/2022 2:41
T000994,T000730047,U000744,FAILED_TRANSACTION,RESOLVED,Alba,4/1/2022 23:52,9/22/2022 19:16
T000995,T000762573,U000307,USER_ISSUE,RESOLVED,Messi,3/3/2022 5:33,8/4/2022 19:52
T000996,T001018059,U000126,BANK_REVERSAL,RESOLVED,illi,8/17/2022 1:18,10/23/2022 18:53
T000997,T000197581,U000764,MERCHANT_REVERSAL,RESOLVED,Sati,6/4/2022 14:03,11/7/2022 21:07
T000998,T000594046,U000065,MERCHANT_REVERSAL,RESOLVED,illi,1/30/2022 0:00,4/21/2022 18:32
T000999,T000134336,U000643,MERCHANT_REVERSAL,RESOLVED,Ronaldo,7/13/2022 15:45,8/19/2022 23:12
